position,zone,item,sentence_no,word,record_RTs
1,1,1,1,if,yes
2,2,1,1,you,yes
3,3,1,1,were,yes
4,4,1,1,to,yes
5,5,1,1,journey,yes
6,6,1,1,to,yes
7,7,1,1,the,yes
8,8,1,1,north,yes
9,9,1,1,of,yes
10,10,1,1,england,yes
10,10,1,1,",",no
11,11,1,1,you,yes
12,12,1,1,would,yes
13,13,1,1,come,yes
14,14,1,1,to,yes
15,15,1,1,a,yes
16,16,1,1,valley,yes
17,17,1,1,that,yes
18,18,1,1,is,yes
19,19,1,1,surrounded,yes
20,20,1,1,by,yes
21,21,1,1,moors,yes
22,22,1,1,as,yes
23,23,1,1,high,yes
24,24,1,1,as,yes
1,26,1,2,it,yes
2,27,1,2,is,yes
3,28,1,2,in,yes
4,29,1,2,this,yes
5,30,1,2,valley,yes
6,31,1,2,where,yes
7,32,1,2,you,yes
8,33,1,2,would,yes
9,34,1,2,find,yes
10,35,1,2,the,yes
11,36,1,2,city,yes
12,37,1,2,of,yes
13,38,1,2,bradford,yes
13,38,1,2,",",no
14,39,1,2,where,yes
15,40,1,2,once,yes
16,41,1,2,a,yes
17,42,1,2,thousand,yes
18,43,1,2,spinning,yes
19,44,1,2,jennies,yes
20,45,1,2,that,yes
21,46,1,2,hummed,yes
22,47,1,2,and,yes
23,48,1,2,clattered,yes
24,49,1,2,spun,yes
25,50,1,2,wool,yes
26,51,1,2,into,yes
27,52,1,2,money,yes
28,53,1,2,for,yes
29,54,1,2,the,yes
30,55,1,2,long-bearded,yes
31,56,1,2,mill,yes
1,58,1,3,that,yes
2,59,1,3,all,yes
3,60,1,3,mill,yes
4,61,1,3,owners,yes
5,62,1,3,were,yes
6,63,1,3,generally,yes
7,64,1,3,busy,yes
8,65,1,3,as,yes
9,66,1,3,beavers,yes
10,67,1,3,and,yes
11,68,1,3,quite,yes
12,69,1,3,pleased,yes
13,70,1,3,with,yes
14,71,1,3,themselves,yes
15,72,1,3,for,yes
16,73,1,3,being,yes
17,74,1,3,so,yes
18,75,1,3,successful,yes
19,76,1,3,and,yes
20,77,1,3,well,yes
21,78,1,3,off,yes
22,79,1,3,was,yes
23,80,1,3,known,yes
24,81,1,3,to,yes
25,82,1,3,the,yes
26,83,1,3,residents,yes
27,84,1,3,of,yes
28,85,1,3,bradford,yes
28,85,1,3,",",no
29,86,1,3,and,yes
30,87,1,3,if,yes
31,88,1,3,you,yes
32,89,1,3,were,yes
33,90,1,3,to,yes
34,91,1,3,go,yes
35,92,1,3,into,yes
36,93,1,3,the,yes
37,94,1,3,city,yes
38,95,1,3,to,yes
39,96,1,3,visit,yes
40,97,1,3,the,yes
41,98,1,3,stately,yes
42,99,1,3,city,yes
43,100,1,3,hall,yes
43,100,1,3,",",no
44,101,1,3,you,yes
45,102,1,3,would,yes
46,103,1,3,see,yes
47,104,1,3,there,yes
48,105,1,3,the,yes
49,106,1,3,crest,yes
50,107,1,3,of,yes
51,108,1,3,the,yes
52,109,1,3,city,yes
53,110,1,3,of,yes
54,111,1,3,bradford,yes
54,111,1,3,",",no
55,112,1,3,which,yes
56,113,1,3,those,yes
57,114,1,3,same,yes
58,115,1,3,mill,yes
59,116,1,3,owners,yes
60,117,1,3,created,yes
61,118,1,3,to,yes
62,119,1,3,celebrate,yes
63,120,1,3,their,yes
1,122,1,4,it,yes
2,123,1,4,shows,yes
3,124,1,4,a,yes
4,125,1,4,sinister,yes
5,126,1,4,looking,yes
6,127,1,4,boar,yes
6,127,1,4,'s,no
7,128,1,4,head,yes
8,129,1,4,sitting,yes
9,130,1,4,on,yes
10,131,1,4,top,yes
11,132,1,4,of,yes
12,133,1,4,a,yes
13,134,1,4,well,yes
14,135,1,4,which,yes
15,136,1,4,seems,yes
16,137,1,4,puzzling,yes
17,138,1,4,at,yes
18,139,1,4,first,yes
18,139,1,4,",",no
19,140,1,4,but,yes
20,141,1,4,the,yes
21,142,1,4,reason,yes
22,143,1,4,for,yes
23,144,1,4,this,yes
24,145,1,4,symbol,yes
25,146,1,4,is,yes
26,147,1,4,a,yes
27,148,1,4,matter,yes
28,149,1,4,of,yes
1,151,1,5,there,yes
2,152,1,5,was,yes
3,153,1,5,once,yes
3,153,1,5,",",no
4,154,1,5,legend,yes
5,155,1,5,has,yes
6,156,1,5,it,yes
6,156,1,5,",",no
7,157,1,5,a,yes
8,158,1,5,fearsome,yes
9,159,1,5,boar,yes
9,159,1,5,",",no
10,160,1,5,which,yes
11,161,1,5,lived,yes
12,162,1,5,in,yes
13,163,1,5,a,yes
14,164,1,5,wood,yes
15,165,1,5,located,yes
16,166,1,5,just,yes
17,167,1,5,outside,yes
18,168,1,5,the,yes
19,169,1,5,manor,yes
20,170,1,5,of,yes
1,172,1,6,a,yes
2,173,1,6,source,yes
3,174,1,6,of,yes
4,175,1,6,great,yes
5,176,1,6,trouble,yes
6,177,1,6,to,yes
7,178,1,6,the,yes
8,179,1,6,local,yes
9,180,1,6,folk,yes
10,181,1,6,the,yes
11,182,1,6,boar,yes
12,183,1,6,was,yes
12,183,1,6,",",no
13,184,1,6,bringing,yes
14,185,1,6,terror,yes
15,186,1,6,to,yes
16,187,1,6,the,yes
17,188,1,6,peaceful,yes
18,189,1,6,flocks,yes
19,190,1,6,and,yes
20,191,1,6,ravaging,yes
21,192,1,6,the,yes
22,193,1,6,countryside,yes
1,195,1,7,even,yes
2,196,1,7,worse,yes
2,196,1,7,",",no
3,197,1,7,however,yes
3,197,1,7,",",no
4,198,1,7,the,yes
5,199,1,7,boar,yes
6,200,1,7,most,yes
7,201,1,7,liked,yes
8,202,1,7,to,yes
9,203,1,7,go,yes
10,204,1,7,to,yes
11,205,1,7,the,yes
12,206,1,7,well,yes
13,207,1,7,that,yes
14,208,1,7,was,yes
15,209,1,7,in,yes
16,210,1,7,the,yes
17,211,1,7,wood,yes
18,212,1,7,and,yes
19,213,1,7,drink,yes
20,214,1,7,its,yes
21,215,1,7,fresh,yes
22,216,1,7,water,yes
22,216,1,7,",",no
23,217,1,7,so,yes
24,218,1,7,that,yes
25,219,1,7,the,yes
26,220,1,7,people,yes
27,221,1,7,of,yes
28,222,1,7,bradford,yes
29,223,1,7,had,yes
30,224,1,7,second,yes
31,225,1,7,thoughts,yes
32,226,1,7,about,yes
33,227,1,7,visiting,yes
34,228,1,7,the,yes
1,230,1,8,that,yes
2,231,1,8,the,yes
3,232,1,8,people,yes
4,233,1,8,of,yes
5,234,1,8,bradford,yes
6,235,1,8,bore,yes
7,236,1,8,the,yes
8,237,1,8,brunt,yes
9,238,1,8,of,yes
10,239,1,8,the,yes
11,240,1,8,beast,yes
11,240,1,8,'s,no
12,241,1,8,ferocity,yes
13,242,1,8,was,yes
14,243,1,8,unfair,yes
15,244,1,8,in,yes
16,245,1,8,the,yes
17,246,1,8,eyes,yes
18,247,1,8,of,yes
19,248,1,8,the,yes
20,249,1,8,people,yes
21,250,1,8,of,yes
22,251,1,8,the,yes
1,253,1,9,eventually,yes
1,253,1,9,",",no
2,254,1,9,the,yes
3,255,1,9,issue,yes
4,256,1,9,reached,yes
5,257,1,9,the,yes
6,258,1,9,ears,yes
7,259,1,9,of,yes
8,260,1,9,the,yes
9,261,1,9,kindly,yes
10,262,1,9,lord,yes
11,263,1,9,of,yes
12,264,1,9,the,yes
13,265,1,9,manor,yes
14,266,1,9,who,yes
15,267,1,9,the,yes
16,268,1,9,people,yes
17,269,1,9,had,yes
18,270,1,9,often,yes
19,271,1,9,asked,yes
20,272,1,9,for,yes
1,274,1,10,the,yes
2,275,1,10,lord,yes
3,276,1,10,saw,yes
4,277,1,10,the,yes
5,278,1,10,severity,yes
6,279,1,10,of,yes
7,280,1,10,the,yes
8,281,1,10,problem,yes
9,282,1,10,the,yes
10,283,1,10,people,yes
11,284,1,10,faced,yes
12,285,1,10,and,yes
13,286,1,10,suggested,yes
14,287,1,10,a,yes
15,288,1,10,contest,yes
16,289,1,10,could,yes
17,290,1,10,solve,yes
18,291,1,10,the,yes
1,293,1,11,he,yes
2,294,1,11,said,yes
3,295,1,11,that,yes
4,296,1,11,whoever,yes
5,297,1,11,could,yes
6,298,1,11,kill,yes
7,299,1,11,the,yes
8,300,1,11,boar,yes
9,301,1,11,and,yes
10,302,1,11,bring,yes
11,303,1,11,as,yes
12,304,1,11,proof,yes
13,305,1,11,its,yes
14,306,1,11,head,yes
15,307,1,11,to,yes
16,308,1,11,the,yes
17,309,1,11,manor,yes
18,310,1,11,house,yes
19,311,1,11,would,yes
20,312,1,11,be,yes
21,313,1,11,rewarded,yes
22,314,1,11,with,yes
23,315,1,11,land,yes
24,316,1,11,and,yes
1,318,1,12,it,yes
2,319,1,12,was,yes
3,320,1,12,the,yes
4,321,1,12,people,yes
5,322,1,12,of,yes
6,323,1,12,bradford,yes
7,324,1,12,and,yes
8,325,1,12,the,yes
9,326,1,12,people,yes
10,327,1,12,who,yes
11,328,1,12,knew,yes
12,329,1,12,them,yes
13,330,1,12,who,yes
14,331,1,12,rejoiced,yes
15,332,1,12,at,yes
16,333,1,12,this,yes
17,334,1,12,proclamation,yes
18,335,1,12,but,yes
19,336,1,12,one,yes
20,337,1,12,question,yes
21,338,1,12,remained,yes
21,338,1,12,:,no
22,339,1,12,who,yes
23,340,1,12,would,yes
24,341,1,12,kill,yes
25,342,1,12,the,yes
1,344,1,13,by,yes
2,345,1,13,the,yes
3,346,1,13,handsome,yes
4,347,1,13,reward,yes
5,348,1,13,many,yes
6,349,1,13,felt,yes
7,350,1,13,tempted,yes
7,350,1,13,",",no
8,351,1,13,but,yes
9,352,1,13,the,yes
10,353,1,13,thought,yes
11,354,1,13,of,yes
12,355,1,13,the,yes
13,356,1,13,boar,yes
14,357,1,13,with,yes
15,358,1,13,its,yes
16,359,1,13,deadly,yes
17,360,1,13,tusks,yes
18,361,1,13,and,yes
19,362,1,13,face,yes
20,363,1,13,like,yes
21,364,1,13,thunder,yes
22,365,1,13,soon,yes
23,366,1,13,put,yes
24,367,1,13,an,yes
25,368,1,13,end,yes
26,369,1,13,to,yes
27,370,1,13,their,yes
1,372,1,14,however,yes
1,372,1,14,",",no
2,373,1,14,there,yes
3,374,1,14,was,yes
4,375,1,14,one,yes
5,376,1,14,huntsman,yes
5,376,1,14,",",no
6,377,1,14,who,yes
7,378,1,14,was,yes
8,379,1,14,still,yes
9,380,1,14,wet,yes
10,381,1,14,behind,yes
11,382,1,14,the,yes
12,383,1,14,ears,yes
12,383,1,14,",",no
13,384,1,14,who,yes
14,385,1,14,decided,yes
15,386,1,14,the,yes
16,387,1,14,prize,yes
17,388,1,14,was,yes
18,389,1,14,worth,yes
19,390,1,14,a,yes
20,391,1,14,shot,yes
20,391,1,14,",",no
21,392,1,14,in,yes
22,393,1,14,spite,yes
23,394,1,14,of,yes
24,395,1,14,the,yes
25,396,1,14,boar,yes
25,396,1,14,'s,no
1,398,1,15,the,yes
2,399,1,15,huntsman,yes
3,400,1,15,discovered,yes
4,401,1,15,the,yes
5,402,1,15,boar,yes
6,403,1,15,preferred,yes
7,404,1,15,to,yes
8,405,1,15,come,yes
9,406,1,15,out,yes
10,407,1,15,in,yes
11,408,1,15,the,yes
12,409,1,15,middle,yes
13,410,1,15,of,yes
14,411,1,15,the,yes
1,413,1,16,so,yes
2,414,1,16,he,yes
3,415,1,16,went,yes
4,416,1,16,to,yes
5,417,1,16,the,yes
6,418,1,16,wood,yes
7,419,1,16,by,yes
8,420,1,16,the,yes
9,421,1,16,well,yes
10,422,1,16,with,yes
11,423,1,16,his,yes
12,424,1,16,good,yes
13,425,1,16,bow,yes
13,425,1,16,",",no
14,426,1,16,to,yes
15,427,1,16,bide,yes
16,428,1,16,his,yes
1,430,1,17,around,yes
2,431,1,17,noontime,yes
2,431,1,17,",",no
3,432,1,17,the,yes
4,433,1,17,boar,yes
4,433,1,17,",",no
5,434,1,17,feared,yes
6,435,1,17,by,yes
7,436,1,17,the,yes
8,437,1,17,locals,yes
8,437,1,17,",",no
9,438,1,17,came,yes
10,439,1,17,out,yes
10,439,1,17,",",no
11,440,1,17,as,yes
12,441,1,17,slow,yes
13,442,1,17,as,yes
14,443,1,17,a,yes
15,444,1,17,snail,yes
15,444,1,17,",",no
16,445,1,17,from,yes
17,446,1,17,among,yes
18,447,1,17,the,yes
19,448,1,17,trees,yes
19,448,1,17,",",no
20,449,1,17,just,yes
21,450,1,17,as,yes
22,451,1,17,the,yes
23,452,1,17,huntsman,yes
24,453,1,17,had,yes
1,455,1,18,the,yes
2,456,1,18,huntsman,yes
3,457,1,18,leaped,yes
4,458,1,18,from,yes
5,459,1,18,his,yes
6,460,1,18,hiding,yes
7,461,1,18,place,yes
8,462,1,18,and,yes
9,463,1,18,through,yes
10,464,1,18,the,yes
11,465,1,18,heart,yes
12,466,1,18,with,yes
13,467,1,18,his,yes
14,468,1,18,fine,yes
15,469,1,18,arrows,yes
16,470,1,18,shot,yes
17,471,1,18,the,yes
1,473,1,19,now,yes
2,474,1,19,the,yes
3,475,1,19,problem,yes
4,476,1,19,was,yes
5,477,1,19,no,yes
6,478,1,19,longer,yes
7,479,1,19,to,yes
8,480,1,19,kill,yes
9,481,1,19,the,yes
1,483,1,20,it,yes
2,484,1,20,was,yes
3,485,1,20,to,yes
4,486,1,20,find,yes
5,487,1,20,a,yes
6,488,1,20,way,yes
7,489,1,20,to,yes
8,490,1,20,carry,yes
9,491,1,20,the,yes
10,492,1,20,boar,yes
1,494,1,21,the,yes
2,495,1,21,head,yes
3,496,1,21,was,yes
4,497,1,21,too,yes
5,498,1,21,heavy,yes
6,499,1,21,for,yes
7,500,1,21,the,yes
8,501,1,21,little,yes
9,502,1,21,huntsman,yes
10,503,1,21,to,yes
11,504,1,21,carry,yes
12,505,1,21,back,yes
13,506,1,21,to,yes
14,507,1,21,the,yes
15,508,1,21,manor,yes
16,509,1,21,house,yes
16,509,1,21,",",no
17,510,1,21,but,yes
18,511,1,21,the,yes
19,512,1,21,huntsman,yes
19,512,1,21,",",no
20,513,1,21,who,yes
21,514,1,21,was,yes
22,515,1,21,as,yes
23,516,1,21,quick-witted,yes
24,517,1,21,and,yes
25,518,1,21,cunning,yes
26,519,1,21,as,yes
27,520,1,21,ever,yes
27,520,1,21,",",no
28,521,1,21,asked,yes
29,522,1,21,himself,yes
29,522,1,21,",",no
29,522,1,21,``,no
30,523,1,21,what,yes
31,524,1,21,else,yes
32,525,1,21,can,yes
33,526,1,21,i,yes
34,527,1,21,do,yes
35,528,1,21,to,yes
36,529,1,21,prove,yes
37,530,1,21,i,yes
38,531,1,21,killed,yes
39,532,1,21,the,yes
1,534,1,22,the,yes
2,535,1,22,next,yes
3,536,1,22,instance,yes
4,537,1,22,he,yes
5,538,1,22,opened,yes
6,539,1,22,the,yes
7,540,1,22,boar,yes
7,540,1,22,'s,no
8,541,1,22,mouth,yes
9,542,1,22,and,yes
10,543,1,22,cut,yes
11,544,1,22,out,yes
12,545,1,22,its,yes
13,546,1,22,tongue,yes
13,546,1,22,",",no
14,547,1,22,taking,yes
15,548,1,22,that,yes
16,549,1,22,as,yes
17,550,1,22,proof,yes
18,551,1,22,for,yes
19,552,1,22,the,yes
1,554,1,23,he,yes
2,555,1,23,set,yes
3,556,1,23,out,yes
4,557,1,23,for,yes
5,558,1,23,the,yes
6,559,1,23,manor,yes
7,560,1,23,house,yes
8,561,1,23,as,yes
9,562,1,23,quickly,yes
10,563,1,23,as,yes
11,564,1,23,he,yes
12,565,1,23,could,yes
13,566,1,23,and,yes
14,567,1,23,he,yes
15,568,1,23,had,yes
16,569,1,23,only,yes
17,570,1,23,been,yes
18,571,1,23,gone,yes
19,572,1,23,a,yes
20,573,1,23,few,yes
21,574,1,23,minutes,yes
22,575,1,23,when,yes
23,576,1,23,a,yes
24,577,1,23,second,yes
25,578,1,23,huntsman,yes
25,578,1,23,",",no
26,579,1,23,not,yes
27,580,1,23,so,yes
28,581,1,23,bold,yes
29,582,1,23,as,yes
30,583,1,23,the,yes
31,584,1,23,first,yes
32,585,1,23,but,yes
33,586,1,23,a,yes
34,587,1,23,little,yes
35,588,1,23,more,yes
36,589,1,23,cunning,yes
36,589,1,23,",",no
37,590,1,23,came,yes
38,591,1,23,on,yes
39,592,1,23,the,yes
1,594,1,24,seeing,yes
2,595,1,24,the,yes
3,596,1,24,slain,yes
4,597,1,24,carcass,yes
5,598,1,24,of,yes
6,599,1,24,the,yes
7,600,1,24,boar,yes
7,600,1,24,",",no
8,601,1,24,the,yes
9,602,1,24,huntsman,yes
10,603,1,24,rejoiced,yes
11,604,1,24,in,yes
12,605,1,24,his,yes
13,606,1,24,good,yes
1,608,1,25,the,yes
2,609,1,25,second,yes
3,610,1,25,huntsman,yes
4,611,1,25,knew,yes
5,612,1,25,a,yes
6,613,1,25,shortcut,yes
7,614,1,25,to,yes
8,615,1,25,the,yes
9,616,1,25,manor,yes
10,617,1,25,house,yes
11,618,1,25,was,yes
12,619,1,25,just,yes
13,620,1,25,around,yes
14,621,1,25,the,yes
15,622,1,25,nearby,yes
16,623,1,25,pond,yes
16,623,1,25,",",no
17,624,1,25,and,yes
17,624,1,25,",",no
18,625,1,25,being,yes
19,626,1,25,a,yes
20,627,1,25,bigger,yes
21,628,1,25,man,yes
22,629,1,25,than,yes
23,630,1,25,the,yes
24,631,1,25,first,yes
24,631,1,25,",",no
25,632,1,25,was,yes
26,633,1,25,able,yes
27,634,1,25,to,yes
28,635,1,25,pick,yes
29,636,1,25,up,yes
30,637,1,25,the,yes
31,638,1,25,boar,yes
31,638,1,25,'s,no
32,639,1,25,head,yes
33,640,1,25,and,yes
34,641,1,25,carry,yes
35,642,1,25,it,yes
36,643,1,25,through,yes
37,644,1,25,the,yes
38,645,1,25,wood,yes
39,646,1,25,towards,yes
40,647,1,25,the,yes
41,648,1,25,prize,yes
42,649,1,25,that,yes
43,650,1,25,awaited,yes
1,652,1,26,the,yes
2,653,1,26,lord,yes
3,654,1,26,of,yes
4,655,1,26,the,yes
5,656,1,26,manor,yes
6,657,1,26,was,yes
7,658,1,26,seated,yes
8,659,1,26,in,yes
9,660,1,26,his,yes
10,661,1,26,hall,yes
11,662,1,26,when,yes
12,663,1,26,the,yes
13,664,1,26,second,yes
14,665,1,26,huntsman,yes
15,666,1,26,burst,yes
16,667,1,26,through,yes
17,668,1,26,the,yes
18,669,1,26,door,yes
19,670,1,26,and,yes
20,671,1,26,began,yes
21,672,1,26,to,yes
22,673,1,26,spin,yes
23,674,1,26,a,yes
1,676,1,27,``,no
1,676,1,27,the,yes
2,677,1,27,woes,yes
3,678,1,27,of,yes
4,679,1,27,bradford,yes
5,680,1,27,are,yes
1,684,1,29,``,no
1,684,1,29,with,yes
2,685,1,29,my,yes
3,686,1,29,own,yes
4,687,1,29,hand,yes
5,688,1,29,i,yes
6,689,1,29,have,yes
7,690,1,29,slain,yes
8,691,1,29,the,yes
1,693,1,30,and,yes
1,693,1,30,",",no
2,694,1,30,with,yes
3,695,1,30,that,yes
3,695,1,30,",",no
4,696,1,30,at,yes
5,697,1,30,the,yes
6,698,1,30,feet,yes
7,699,1,30,of,yes
8,700,1,30,his,yes
9,701,1,30,lord,yes
10,702,1,30,he,yes
11,703,1,30,dropped,yes
12,704,1,30,the,yes
13,705,1,30,boar,yes
13,705,1,30,'s,no
14,706,1,30,enormous,yes
1,708,1,31,``,no
1,708,1,31,then,yes
2,709,1,31,you,yes
3,710,1,31,will,yes
4,711,1,31,be,yes
5,712,1,31,rewarded,yes
5,712,1,31,",",no
6,713,1,31,as,yes
7,714,1,31,i,yes
1,716,1,32,``,no
1,716,1,32,but,yes
2,717,1,32,first,yes
2,717,1,32,",",no
3,718,1,32,let,yes
4,719,1,32,me,yes
5,720,1,32,examine,yes
6,721,1,32,the,yes
7,722,1,32,head,yes
8,723,1,32,of,yes
9,724,1,32,this,yes
10,725,1,32,monster,yes
10,725,1,32,",",no
10,725,1,32,'',no
11,726,1,32,said,yes
12,727,1,32,the,yes
13,728,1,32,lord,yes
14,729,1,32,of,yes
15,730,1,32,the,yes
1,732,1,33,to,yes
2,733,1,33,not,yes
3,734,1,33,examine,yes
4,735,1,33,the,yes
5,736,1,33,head,yes
6,737,1,33,in,yes
7,738,1,33,advance,yes
8,739,1,33,had,yes
9,740,1,33,not,yes
10,741,1,33,been,yes
11,742,1,33,very,yes
12,743,1,33,clever,yes
13,744,1,33,on,yes
14,745,1,33,the,yes
15,746,1,33,part,yes
16,747,1,33,of,yes
17,748,1,33,the,yes
1,750,1,34,right,yes
2,751,1,34,away,yes
2,751,1,34,",",no
3,752,1,34,the,yes
4,753,1,34,lord,yes
5,754,1,34,noticed,yes
6,755,1,34,the,yes
7,756,1,34,tongue,yes
8,757,1,34,of,yes
9,758,1,34,the,yes
10,759,1,34,boar,yes
11,760,1,34,was,yes
12,761,1,34,missing,yes
13,762,1,34,and,yes
14,763,1,34,exclaimed,yes
14,763,1,34,",",no
14,763,1,34,``,no
15,764,1,34,what,yes
16,765,1,34,is,yes
1,767,1,35,a,yes
2,768,1,35,boar,yes
3,769,1,35,with,yes
4,770,1,35,no,yes
1,772,1,36,he,yes
2,773,1,36,looked,yes
3,774,1,36,at,yes
4,775,1,36,the,yes
5,776,1,36,huntsman,yes
5,776,1,36,",",no
1,778,1,37,``,no
1,778,1,37,how,yes
2,779,1,37,come,yes
3,780,1,37,this,yes
4,781,1,37,creature,yes
5,782,1,37,has,yes
6,783,1,37,no,yes
1,787,1,39,all,yes
2,788,1,39,eyes,yes
3,789,1,39,were,yes
4,790,1,39,on,yes
5,791,1,39,the,yes
1,793,1,40,the,yes
2,794,1,40,huntsman,yes
3,795,1,40,questioned,yes
4,796,1,40,by,yes
5,797,1,40,the,yes
6,798,1,40,lord,yes
7,799,1,40,replied,yes
7,799,1,40,",",no
7,799,1,40,``,no
8,800,1,40,i,yes
9,801,1,40,can,yes
9,801,1,40,not,no
10,802,1,40,say,yes
10,802,1,40,",",no
11,803,1,40,my,yes
1,805,1,41,he,yes
2,806,1,41,was,yes
3,807,1,41,suddenly,yes
4,808,1,41,realizing,yes
5,809,1,41,his,yes
6,810,1,41,tricky,yes
7,811,1,41,situation,yes
8,812,1,41,could,yes
9,813,1,41,end,yes
10,814,1,41,badly,yes
11,815,1,41,for,yes
1,817,1,42,through,yes
2,818,1,42,the,yes
3,819,1,42,door,yes
4,820,1,42,at,yes
5,821,1,42,this,yes
6,822,1,42,moment,yes
6,822,1,42,",",no
7,823,1,42,the,yes
8,824,1,42,first,yes
9,825,1,42,huntsman,yes
1,827,1,43,``,no
1,827,1,43,the,yes
2,828,1,43,woes,yes
3,829,1,43,of,yes
4,830,1,43,bradford,yes
5,831,1,43,are,yes
1,835,1,45,``,no
1,835,1,45,i,yes
2,836,1,45,have,yes
3,837,1,45,slain,yes
4,838,1,45,the,yes
5,839,1,45,boar,yes
6,840,1,45,the,yes
7,841,1,45,people,yes
8,842,1,45,of,yes
9,843,1,45,bradford,yes
1,845,1,46,all,yes
2,846,1,46,eyes,yes
3,847,1,46,turned,yes
4,848,1,46,to,yes
5,849,1,46,the,yes
6,850,1,46,man,yes
7,851,1,46,who,yes
8,852,1,46,now,yes
9,853,1,46,stood,yes
10,854,1,46,in,yes
11,855,1,46,the,yes
1,857,1,47,``,no
1,857,1,47,the,yes
2,858,1,47,reward,yes
3,859,1,47,is,yes
4,860,1,47,already,yes
5,861,1,47,given,yes
5,861,1,47,",",no
5,861,1,47,'',no
6,862,1,47,said,yes
7,863,1,47,the,yes
8,864,1,47,lord,yes
9,865,1,47,of,yes
10,866,1,47,the,yes
1,868,1,48,``,no
1,868,1,48,the,yes
2,869,1,48,man,yes
3,870,1,48,here,yes
4,871,1,48,has,yes
5,872,1,48,brought,yes
6,873,1,48,to,yes
7,874,1,48,me,yes
8,875,1,48,the,yes
9,876,1,48,boar,yes
9,876,1,48,'s,no
1,878,1,49,``,no
1,878,1,49,then,yes
2,879,1,49,where,yes
3,880,1,49,is,yes
4,881,1,49,its,yes
1,883,1,50,the,yes
2,884,1,50,first,yes
3,885,1,50,huntsman,yes
1,887,1,51,and,yes
1,887,1,51,",",no
2,888,1,51,so,yes
3,889,1,51,saying,yes
3,889,1,51,",",no
4,890,1,51,he,yes
5,891,1,51,drew,yes
6,892,1,51,out,yes
7,893,1,51,the,yes
8,894,1,51,boar,yes
8,894,1,51,'s,no
9,895,1,51,tongue,yes
10,896,1,51,he,yes
11,897,1,51,had,yes
12,898,1,51,put,yes
13,899,1,51,in,yes
14,900,1,51,his,yes
15,901,1,51,hunting,yes
16,902,1,51,pouch,yes
17,903,1,51,and,yes
18,904,1,51,related,yes
19,905,1,51,how,yes
20,906,1,51,he,yes
21,907,1,51,had,yes
22,908,1,51,ambushed,yes
23,909,1,51,the,yes
24,910,1,51,creature,yes
25,911,1,51,in,yes
26,912,1,51,the,yes
27,913,1,51,wood,yes
28,914,1,51,and,yes
29,915,1,51,cut,yes
30,916,1,51,out,yes
31,917,1,51,its,yes
32,918,1,51,tongue,yes
33,919,1,51,as,yes
34,920,1,51,proof,yes
35,921,1,51,of,yes
36,922,1,51,his,yes
1,924,1,52,listening,yes
2,925,1,52,to,yes
3,926,1,52,the,yes
4,927,1,52,tale,yes
4,927,1,52,",",no
5,928,1,52,the,yes
6,929,1,52,lord,yes
7,930,1,52,of,yes
8,931,1,52,the,yes
9,932,1,52,manor,yes
10,933,1,52,tried,yes
11,934,1,52,to,yes
12,935,1,52,discern,yes
13,936,1,52,which,yes
14,937,1,52,huntsman,yes
15,938,1,52,was,yes
16,939,1,52,telling,yes
17,940,1,52,him,yes
18,941,1,52,the,yes
19,942,1,52,truth,yes
20,943,1,52,and,yes
21,944,1,52,what,yes
22,945,1,52,the,yes
23,946,1,52,two,yes
24,947,1,52,huntsmen,yes
25,948,1,52,were,yes
26,949,1,52,thinking,yes
27,950,1,52,as,yes
28,951,1,52,they,yes
29,952,1,52,waited,yes
30,953,1,52,for,yes
31,954,1,52,him,yes
32,955,1,52,to,yes
33,956,1,52,make,yes
34,957,1,52,a,yes
1,959,1,53,almost,yes
2,960,1,53,instantly,yes
2,960,1,53,",",no
3,961,1,53,the,yes
4,962,1,53,lord,yes
5,963,1,53,saw,yes
6,964,1,53,that,yes
7,965,1,53,the,yes
8,966,1,53,second,yes
9,967,1,53,huntsman,yes
10,968,1,53,had,yes
11,969,1,53,fed,yes
12,970,1,53,him,yes
13,971,1,53,a,yes
14,972,1,53,pack,yes
15,973,1,53,of,yes
16,974,1,53,lies,yes
17,975,1,53,and,yes
18,976,1,53,it,yes
19,977,1,53,was,yes
20,978,1,53,the,yes
21,979,1,53,first,yes
22,980,1,53,huntsman,yes
23,981,1,53,who,yes
24,982,1,53,was,yes
25,983,1,53,the,yes
26,984,1,53,true,yes
27,985,1,53,savior,yes
28,986,1,53,of,yes
1,988,1,54,the,yes
2,989,1,54,lord,yes
3,990,1,54,believed,yes
4,991,1,54,the,yes
5,992,1,54,second,yes
6,993,1,54,huntsman,yes
7,994,1,54,had,yes
8,995,1,54,tried,yes
9,996,1,54,to,yes
10,997,1,54,steal,yes
11,998,1,54,the,yes
12,999,1,54,first,yes
13,1000,1,54,huntsman,yes
13,1000,1,54,'s,no
14,1001,1,54,prize,yes
15,1002,1,54,and,yes
16,1003,1,54,so,yes
17,1004,1,54,proclaimed,yes
18,1005,1,54,the,yes
19,1006,1,54,first,yes
20,1007,1,54,huntsman,yes
21,1008,1,54,the,yes
22,1009,1,54,true,yes
1,1011,1,55,the,yes
2,1012,1,55,lord,yes
3,1013,1,55,wondered,yes
4,1014,1,55,for,yes
5,1015,1,55,a,yes
6,1016,1,55,moment,yes
7,1017,1,55,why,yes
8,1018,1,55,he,yes
9,1019,1,55,always,yes
10,1020,1,55,encountered,yes
11,1021,1,55,so,yes
12,1022,1,55,much,yes
13,1023,1,55,chicanery,yes
14,1024,1,55,in,yes
15,1025,1,55,his,yes
16,1026,1,55,everyday,yes
1,1028,1,56,the,yes
2,1029,1,56,huntsman,yes
3,1030,1,56,who,yes
4,1031,1,56,had,yes
5,1032,1,56,earned,yes
6,1033,1,56,his,yes
7,1034,1,56,prize,yes
8,1035,1,56,fair,yes
9,1036,1,56,and,yes
10,1037,1,56,square,yes
11,1038,1,56,received,yes
12,1039,1,56,as,yes
13,1040,1,56,his,yes
14,1041,1,56,reward,yes
15,1042,1,56,a,yes
16,1043,1,56,piece,yes
17,1044,1,56,of,yes
18,1045,1,56,land,yes
19,1046,1,56,just,yes
20,1047,1,56,outside,yes
21,1048,1,56,the,yes
22,1049,1,56,town,yes
22,1049,1,56,",",no
23,1050,1,56,known,yes
24,1051,1,56,thereafter,yes
25,1052,1,56,as,yes
26,1053,1,56,hunt,yes
1,1055,1,57,his,yes
2,1056,1,57,fame,yes
3,1057,1,57,was,yes
4,1058,1,57,indeed,yes
5,1059,1,57,assured,yes
5,1059,1,57,",",no
6,1060,1,57,but,yes
7,1061,1,57,it,yes
8,1062,1,57,was,yes
9,1063,1,57,not,yes
10,1064,1,57,nearly,yes
11,1065,1,57,as,yes
12,1066,1,57,lasting,yes
13,1067,1,57,as,yes
14,1068,1,57,that,yes
15,1069,1,57,of,yes
16,1070,1,57,the,yes
17,1071,1,57,fearsome,yes
18,1072,1,57,bradford,yes
1,1,2,58,a,yes
2,2,2,58,clear,yes
3,3,2,58,and,yes
4,4,2,58,joyous,yes
5,5,2,58,day,yes
6,6,2,58,it,yes
7,7,2,58,was,yes
8,8,2,58,and,yes
9,9,2,58,out,yes
10,10,2,58,on,yes
11,11,2,58,the,yes
12,12,2,58,wide,yes
13,13,2,58,open,yes
14,14,2,58,sea,yes
14,14,2,58,",",no
15,15,2,58,thousands,yes
16,16,2,58,upon,yes
17,17,2,58,thousands,yes
18,18,2,58,of,yes
19,19,2,58,sparkling,yes
20,20,2,58,water,yes
21,21,2,58,drops,yes
21,21,2,58,",",no
22,22,2,58,excited,yes
23,23,2,58,by,yes
24,24,2,58,getting,yes
25,25,2,58,to,yes
26,26,2,58,play,yes
27,27,2,58,in,yes
28,28,2,58,the,yes
29,29,2,58,ocean,yes
29,29,2,58,",",no
30,30,2,58,danced,yes
31,31,2,58,all,yes
1,33,2,59,one,yes
2,34,2,59,of,yes
3,35,2,59,these,yes
4,36,2,59,was,yes
5,37,2,59,a,yes
6,38,2,59,merry,yes
7,39,2,59,little,yes
8,40,2,59,fellow,yes
9,41,2,59,named,yes
10,42,2,59,aqua,yes
10,42,2,59,",",no
11,43,2,59,who,yes
12,44,2,59,danced,yes
13,45,2,59,on,yes
14,46,2,59,the,yes
15,47,2,59,silver,yes
16,48,2,59,backs,yes
17,49,2,59,of,yes
18,50,2,59,the,yes
19,51,2,59,fishes,yes
20,52,2,59,as,yes
21,53,2,59,they,yes
22,54,2,59,plunged,yes
23,55,2,59,up,yes
24,56,2,59,and,yes
25,57,2,59,down,yes
26,58,2,59,in,yes
27,59,2,59,the,yes
28,60,2,59,waves,yes
28,60,2,59,",",no
29,61,2,59,and,yes
29,61,2,59,",",no
30,62,2,59,no,yes
31,63,2,59,matter,yes
32,64,2,59,how,yes
33,65,2,59,high,yes
34,66,2,59,he,yes
35,67,2,59,sprung,yes
35,67,2,59,",",no
36,68,2,59,he,yes
37,69,2,59,always,yes
38,70,2,59,came,yes
39,71,2,59,down,yes
40,72,2,59,again,yes
41,73,2,59,into,yes
42,74,2,59,his,yes
43,75,2,59,mother,yes
43,75,2,59,'s,no
1,77,2,60,his,yes
2,78,2,60,mother,yes
2,78,2,60,",",no
3,79,2,60,you,yes
4,80,2,60,know,yes
4,80,2,60,",",no
5,81,2,60,was,yes
6,82,2,60,the,yes
7,83,2,60,ocean,yes
7,83,2,60,",",no
8,84,2,60,and,yes
9,85,2,60,very,yes
10,86,2,60,beautiful,yes
11,87,2,60,she,yes
12,88,2,60,looked,yes
13,89,2,60,that,yes
14,90,2,60,summer,yes
15,91,2,60,day,yes
16,92,2,60,in,yes
17,93,2,60,her,yes
18,94,2,60,dark,yes
19,95,2,60,blue,yes
20,96,2,60,dress,yes
21,97,2,60,and,yes
22,98,2,60,white,yes
1,100,2,61,by,yes
2,101,2,61,and,yes
3,102,2,61,by,yes
3,102,2,61,",",no
4,103,2,61,the,yes
5,104,2,61,happy,yes
6,105,2,61,water,yes
7,106,2,61,drop,yes
8,107,2,61,tired,yes
9,108,2,61,of,yes
10,109,2,61,his,yes
11,110,2,61,play,yes
11,110,2,61,",",no
12,111,2,61,and,yes
13,112,2,61,looking,yes
14,113,2,61,up,yes
15,114,2,61,to,yes
16,115,2,61,the,yes
17,116,2,61,clear,yes
18,117,2,61,sky,yes
19,118,2,61,above,yes
20,119,2,61,him,yes
20,119,2,61,",",no
21,120,2,61,thought,yes
22,121,2,61,he,yes
23,122,2,61,would,yes
24,123,2,61,like,yes
25,124,2,61,to,yes
26,125,2,61,have,yes
27,126,2,61,a,yes
28,127,2,61,sail,yes
29,128,2,61,on,yes
30,129,2,61,one,yes
31,130,2,61,of,yes
32,131,2,61,the,yes
33,132,2,61,white,yes
33,132,2,61,",",no
34,133,2,61,marshmallow-like,yes
35,134,2,61,clouds,yes
35,134,2,61,",",no
36,135,2,61,instead,yes
37,136,2,61,of,yes
38,137,2,61,spending,yes
39,138,2,61,his,yes
40,139,2,61,whole,yes
41,140,2,61,life,yes
42,141,2,61,in,yes
43,142,2,61,the,yes
1,144,2,62,of,yes
2,145,2,62,the,yes
3,146,2,62,sky,yes
3,146,2,62,",",no
4,147,2,62,little,yes
5,148,2,62,aqua,yes
6,149,2,62,had,yes
7,150,2,62,always,yes
8,151,2,62,been,yes
9,152,2,62,afraid,yes
9,152,2,62,",",no
10,153,2,62,but,yes
11,154,2,62,he,yes
12,155,2,62,decided,yes
13,156,2,62,to,yes
14,157,2,62,finally,yes
15,158,2,62,face,yes
16,159,2,62,his,yes
17,160,2,62,demons,yes
18,161,2,62,and,yes
19,162,2,62,suggested,yes
20,163,2,62,a,yes
21,164,2,62,solution,yes
22,165,2,62,involving,yes
23,166,2,62,the,yes
24,167,2,62,sun,yes
25,168,2,62,carrying,yes
26,169,2,62,him,yes
27,170,2,62,up,yes
28,171,2,62,to,yes
29,172,2,62,the,yes
30,173,2,62,sky,yes
31,174,2,62,would,yes
32,175,2,62,be,yes
1,177,2,63,the,yes
2,178,2,63,sun,yes
3,179,2,63,understood,yes
4,180,2,63,aqua,yes
4,180,2,63,'s,no
5,181,2,63,request,yes
6,182,2,63,came,yes
7,183,2,63,from,yes
8,184,2,63,his,yes
9,185,2,63,heart,yes
9,185,2,63,",",no
10,186,2,63,so,yes
11,187,2,63,he,yes
12,188,2,63,acquiesced,yes
13,189,2,63,and,yes
14,190,2,63,also,yes
15,191,2,63,took,yes
16,192,2,63,ever,yes
17,193,2,63,so,yes
18,194,2,63,many,yes
19,195,2,63,other,yes
20,196,2,63,drops,yes
20,196,2,63,",",no
21,197,2,63,so,yes
22,198,2,63,that,yes
23,199,2,63,aqua,yes
24,200,2,63,might,yes
25,201,2,63,not,yes
26,202,2,63,be,yes
27,203,2,63,lonesome,yes
28,204,2,63,on,yes
29,205,2,63,the,yes
1,207,2,64,it,yes
2,208,2,64,was,yes
3,209,2,64,only,yes
4,210,2,64,the,yes
5,211,2,64,sun,yes
6,212,2,64,that,yes
7,213,2,64,knew,yes
8,214,2,64,this,yes
8,214,2,64,",",no
9,215,2,64,however,yes
9,215,2,64,",",no
10,216,2,64,for,yes
11,217,2,64,all,yes
12,218,2,64,the,yes
13,219,2,64,other,yes
14,220,2,64,drops,yes
15,221,2,64,had,yes
16,222,2,64,been,yes
17,223,2,64,changed,yes
18,224,2,64,into,yes
19,225,2,64,fine,yes
20,226,2,64,mist,yes
21,227,2,64,or,yes
22,228,2,64,vapor,yes
23,229,2,64,and,yes
24,230,2,64,aqua,yes
25,231,2,64,could,yes
26,232,2,64,not,yes
27,233,2,64,see,yes
1,235,2,65,do,yes
2,236,2,65,you,yes
3,237,2,65,know,yes
4,238,2,65,what,yes
5,239,2,65,vapor,yes
1,241,2,66,if,yes
2,242,2,66,you,yes
3,243,2,66,breathe,yes
4,244,2,66,into,yes
5,245,2,66,the,yes
6,246,2,66,air,yes
6,246,2,66,",",no
7,247,2,66,when,yes
8,248,2,66,it,yes
9,249,2,66,is,yes
10,250,2,66,cold,yes
11,251,2,66,enough,yes
11,251,2,66,",",no
12,252,2,66,you,yes
13,253,2,66,will,yes
14,254,2,66,see,yes
15,255,2,66,it,yes
16,256,2,66,coming,yes
17,257,2,66,out,yes
18,258,2,66,of,yes
19,259,2,66,your,yes
20,260,2,66,mouth,yes
21,261,2,66,thick,yes
22,262,2,66,and,yes
23,263,2,66,fast,yes
24,264,2,66,like,yes
1,266,2,67,when,yes
2,267,2,67,the,yes
3,268,2,67,vapor,yes
4,269,2,67,is,yes
5,270,2,67,quite,yes
6,271,2,67,near,yes
7,272,2,67,the,yes
8,273,2,67,earth,yes
8,273,2,67,",",no
9,274,2,67,we,yes
10,275,2,67,call,yes
11,276,2,67,it,yes
11,276,2,67,``,no
1,278,2,68,into,yes
2,279,2,68,vapor,yes
3,280,2,68,the,yes
4,281,2,68,water,yes
5,282,2,68,drops,yes
6,283,2,68,that,yes
7,284,2,68,danced,yes
8,285,2,68,in,yes
9,286,2,68,the,yes
10,287,2,68,ocean,yes
11,288,2,68,had,yes
12,289,2,68,been,yes
13,290,2,68,changed,yes
13,290,2,68,",",no
14,291,2,68,because,yes
15,292,2,68,in,yes
16,293,2,68,their,yes
17,294,2,68,own,yes
18,295,2,68,shape,yes
19,296,2,68,they,yes
20,297,2,68,were,yes
21,298,2,68,too,yes
22,299,2,68,heavy,yes
23,300,2,68,for,yes
24,301,2,68,the,yes
25,302,2,68,sunbeams,yes
26,303,2,68,that,yes
27,304,2,68,the,yes
28,305,2,68,sun,yes
29,306,2,68,let,yes
30,307,2,68,out,yes
31,308,2,68,to,yes
1,310,2,69,higher,yes
2,311,2,69,and,yes
3,312,2,69,higher,yes
4,313,2,69,they,yes
5,314,2,69,sailed,yes
5,314,2,69,",",no
6,315,2,69,and,yes
7,316,2,69,though,yes
8,317,2,69,it,yes
9,318,2,69,was,yes
10,319,2,69,grand,yes
10,319,2,69,",",no
11,320,2,69,aqua,yes
12,321,2,69,and,yes
13,322,2,69,his,yes
14,323,2,69,friends,yes
15,324,2,69,were,yes
16,325,2,69,like,yes
17,326,2,69,fish,yes
18,327,2,69,out,yes
19,328,2,69,of,yes
20,329,2,69,water,yes
20,329,2,69,",",no
21,330,2,69,so,yes
22,331,2,69,they,yes
23,332,2,69,grew,yes
24,333,2,69,quite,yes
1,335,2,70,they,yes
2,336,2,70,enjoyed,yes
3,337,2,70,looking,yes
4,338,2,70,down,yes
5,339,2,70,on,yes
6,340,2,70,the,yes
7,341,2,70,world,yes
8,342,2,70,below,yes
8,342,2,70,",",no
9,343,2,70,while,yes
10,344,2,70,the,yes
11,345,2,70,wind,yes
12,346,2,70,scattered,yes
13,347,2,70,them,yes
14,348,2,70,across,yes
15,349,2,70,the,yes
16,350,2,70,four,yes
17,351,2,70,corners,yes
18,352,2,70,of,yes
19,353,2,70,the,yes
20,354,2,70,earth,yes
20,354,2,70,",",no
21,355,2,70,but,yes
22,356,2,70,after,yes
23,357,2,70,a,yes
24,358,2,70,while,yes
25,359,2,70,it,yes
26,360,2,70,grew,yes
27,361,2,70,nearly,yes
28,362,2,70,time,yes
29,363,2,70,for,yes
30,364,2,70,the,yes
31,365,2,70,sun,yes
32,366,2,70,to,yes
33,367,2,70,go,yes
34,368,2,70,to,yes
1,370,2,71,he,yes
2,371,2,71,became,yes
3,372,2,71,very,yes
4,373,2,71,red,yes
5,374,2,71,in,yes
6,375,2,71,the,yes
7,376,2,71,face,yes
7,376,2,71,",",no
8,377,2,71,and,yes
9,378,2,71,began,yes
10,379,2,71,to,yes
11,380,2,71,sink,yes
12,381,2,71,lower,yes
13,382,2,71,and,yes
14,383,2,71,lower,yes
14,383,2,71,",",no
15,384,2,71,until,yes
16,385,2,71,suddenly,yes
17,386,2,71,he,yes
18,387,2,71,went,yes
19,388,2,71,clear,yes
20,389,2,71,out,yes
21,390,2,71,of,yes
1,392,2,72,poor,yes
2,393,2,72,little,yes
3,394,2,72,aqua,yes
3,394,2,72,",",no
4,395,2,72,frightened,yes
5,396,2,72,by,yes
6,397,2,72,the,yes
7,398,2,72,impending,yes
8,399,2,72,cold,yes
9,400,2,72,and,yes
10,401,2,72,darkness,yes
10,401,2,72,",",no
11,402,2,72,wished,yes
12,403,2,72,he,yes
13,404,2,72,could,yes
14,405,2,72,sleep,yes
15,406,2,72,not,yes
16,407,2,72,in,yes
17,408,2,72,the,yes
18,409,2,72,sky,yes
18,409,2,72,",",no
19,410,2,72,but,yes
20,411,2,72,somewhere,yes
21,412,2,72,closer,yes
22,413,2,72,to,yes
1,415,2,73,then,yes
2,416,2,73,aqua,yes
3,417,2,73,heard,yes
4,418,2,73,the,yes
5,419,2,73,wind,yes
6,420,2,73,blow,yes
7,421,2,73,and,yes
8,422,2,73,conjectured,yes
9,423,2,73,that,yes
10,424,2,73,maybe,yes
11,425,2,73,the,yes
12,426,2,73,wind,yes
13,427,2,73,could,yes
14,428,2,73,take,yes
15,429,2,73,him,yes
16,430,2,73,back,yes
17,431,2,73,down,yes
18,432,2,73,to,yes
19,433,2,73,the,yes
1,435,2,74,indeed,yes
1,435,2,74,",",no
2,436,2,74,the,yes
3,437,2,74,wind,yes
4,438,2,74,took,yes
5,439,2,74,pity,yes
6,440,2,74,on,yes
7,441,2,74,him,yes
8,442,2,74,and,yes
9,443,2,74,fanned,yes
10,444,2,74,him,yes
10,444,2,74,",",no
11,445,2,74,together,yes
12,446,2,74,with,yes
13,447,2,74,all,yes
14,448,2,74,of,yes
15,449,2,74,his,yes
16,450,2,74,brothers,yes
17,451,2,74,and,yes
18,452,2,74,sisters,yes
18,452,2,74,",",no
19,453,2,74,into,yes
20,454,2,74,a,yes
21,455,2,74,heavy,yes
22,456,2,74,gray,yes
23,457,2,74,cloud,yes
23,457,2,74,",",no
24,458,2,74,after,yes
25,459,2,74,which,yes
26,460,2,74,he,yes
27,461,2,74,blew,yes
28,462,2,74,them,yes
29,463,2,74,apart,yes
30,464,2,74,and,yes
31,465,2,74,told,yes
32,466,2,74,them,yes
33,467,2,74,to,yes
34,468,2,74,hurry,yes
35,469,2,74,down,yes
35,469,2,74,",",no
36,470,2,74,fast,yes
37,471,2,74,and,yes
38,472,2,74,furious,yes
39,473,2,74,to,yes
40,474,2,74,the,yes
41,475,2,74,earth,yes
41,475,2,74,",",no
42,476,2,74,so,yes
43,477,2,74,they,yes
44,478,2,74,could,yes
45,479,2,74,have,yes
46,480,2,74,a,yes
47,481,2,74,fighting,yes
48,482,2,74,chance,yes
49,483,2,74,of,yes
50,484,2,74,reaching,yes
51,485,2,74,the,yes
1,523,2,76,some,yes
2,524,2,76,of,yes
3,525,2,76,the,yes
4,526,2,76,drops,yes
5,527,2,76,that,yes
6,528,2,76,were,yes
7,529,2,76,the,yes
8,530,2,76,most,yes
9,531,2,76,fortunate,yes
9,531,2,76,",",no
10,532,2,76,including,yes
11,533,2,76,aqua,yes
11,533,2,76,",",no
12,534,2,76,fell,yes
13,535,2,76,on,yes
14,536,2,76,a,yes
15,537,2,76,mountainside,yes
15,537,2,76,",",no
16,538,2,76,and,yes
17,539,2,76,down,yes
18,540,2,76,the,yes
19,541,2,76,rocky,yes
20,542,2,76,cliff,yes
21,543,2,76,they,yes
1,545,2,77,together,yes
2,546,2,77,they,yes
3,547,2,77,plunged,yes
4,548,2,77,into,yes
5,549,2,77,a,yes
6,550,2,77,mountain,yes
7,551,2,77,brook,yes
7,551,2,77,",",no
8,552,2,77,which,yes
9,553,2,77,came,yes
10,554,2,77,foaming,yes
11,555,2,77,and,yes
12,556,2,77,dashing,yes
13,557,2,77,along,yes
13,557,2,77,",",no
14,558,2,77,leaping,yes
15,559,2,77,over,yes
16,560,2,77,rocks,yes
17,561,2,77,and,yes
18,562,2,77,rushing,yes
19,563,2,77,down,yes
20,564,2,77,the,yes
21,565,2,77,hillside,yes
21,565,2,77,",",no
22,566,2,77,until,yes
23,567,2,77,in,yes
24,568,2,77,the,yes
25,569,2,77,valley,yes
26,570,2,77,below,yes
27,571,2,77,they,yes
28,572,2,77,heard,yes
29,573,2,77,the,yes
30,574,2,77,strangest,yes
31,575,2,77,clattering,yes
1,577,2,78,the,yes
2,578,2,78,little,yes
3,579,2,78,water,yes
4,580,2,78,drops,yes
5,581,2,78,were,yes
6,582,2,78,then,yes
7,583,2,78,able,yes
8,584,2,78,to,yes
9,585,2,78,make,yes
10,586,2,78,out,yes
11,587,2,78,a,yes
12,588,2,78,flour,yes
13,589,2,78,mill,yes
14,590,2,78,that,yes
15,591,2,78,was,yes
16,592,2,78,standing,yes
17,593,2,78,on,yes
18,594,2,78,the,yes
1,596,2,79,inside,yes
2,597,2,79,the,yes
3,598,2,79,mill,yes
3,598,2,79,",",no
4,599,2,79,the,yes
5,600,2,79,water,yes
6,601,2,79,drops,yes
7,602,2,79,saw,yes
8,603,2,79,two,yes
9,604,2,79,great,yes
10,605,2,79,stones,yes
10,605,2,79,",",no
11,606,2,79,which,yes
12,607,2,79,the,yes
13,608,2,79,big,yes
14,609,2,79,wheel,yes
15,610,2,79,kept,yes
16,611,2,79,whizzing,yes
17,612,2,79,round,yes
18,613,2,79,and,yes
1,615,2,80,the,yes
2,616,2,80,stones,yes
2,616,2,80,",",no
3,617,2,80,smoothed,yes
4,618,2,80,by,yes
5,619,2,80,the,yes
6,620,2,80,spinning,yes
6,620,2,80,",",no
7,621,2,80,were,yes
8,622,2,80,busy,yes
9,623,2,80,grinding,yes
10,624,2,80,the,yes
11,625,2,80,wheat,yes
12,626,2,80,into,yes
13,627,2,80,flour,yes
14,628,2,80,and,yes
15,629,2,80,the,yes
16,630,2,80,corn,yes
17,631,2,80,into,yes
18,632,2,80,golden,yes
1,634,2,81,but,yes
2,635,2,81,what,yes
3,636,2,81,giant,yes
4,637,2,81,do,yes
5,638,2,81,you,yes
6,639,2,81,suppose,yes
7,640,2,81,it,yes
8,641,2,81,was,yes
9,642,2,81,who,yes
10,643,2,81,could,yes
11,644,2,81,turn,yes
12,645,2,81,and,yes
13,646,2,81,swing,yes
14,647,2,81,that,yes
15,648,2,81,tremendous,yes
1,650,2,82,no,yes
2,651,2,82,giant,yes
3,652,2,82,at,yes
1,654,2,83,it,yes
2,655,2,83,was,yes
3,656,2,83,just,yes
4,657,2,83,our,yes
5,658,2,83,tiny,yes
6,659,2,83,little,yes
7,660,2,83,water,yes
8,661,2,83,drops,yes
8,661,2,83,",",no
9,662,2,83,who,yes
10,663,2,83,sprang,yes
11,664,2,83,on,yes
12,665,2,83,it,yes
13,666,2,83,by,yes
14,667,2,83,hundreds,yes
15,668,2,83,and,yes
16,669,2,83,thousands,yes
16,669,2,83,",",no
17,670,2,83,and,yes
18,671,2,83,whirled,yes
19,672,2,83,it,yes
20,673,2,83,over,yes
21,674,2,83,and,yes
1,676,2,84,it,yes
2,677,2,84,was,yes
3,678,2,84,lucky,yes
4,679,2,84,for,yes
5,680,2,84,the,yes
6,681,2,84,water,yes
7,682,2,84,drops,yes
8,683,2,84,that,yes
9,684,2,84,the,yes
10,685,2,84,brook,yes
11,686,2,84,where,yes
12,687,2,84,they,yes
13,688,2,84,were,yes
14,689,2,84,swimming,yes
15,690,2,84,next,yes
16,691,2,84,emptied,yes
17,692,2,84,into,yes
18,693,2,84,a,yes
19,694,2,84,beautiful,yes
20,695,2,84,pond,yes
21,696,2,84,where,yes
22,697,2,84,ducks,yes
23,698,2,84,and,yes
24,699,2,84,geese,yes
25,700,2,84,were,yes
26,701,2,84,living,yes
1,703,2,85,aqua,yes
2,704,2,85,liked,yes
3,705,2,85,to,yes
4,706,2,85,play,yes
5,707,2,85,hide-and-seek,yes
6,708,2,85,in,yes
7,709,2,85,this,yes
8,710,2,85,pond,yes
8,710,2,85,",",no
9,711,2,85,and,yes
10,712,2,85,it,yes
11,713,2,85,was,yes
12,714,2,85,his,yes
13,715,2,85,brother,yes
14,716,2,85,water,yes
15,717,2,85,drop,yes
16,718,2,85,who,yes
17,719,2,85,he,yes
18,720,2,85,fooled,yes
19,721,2,85,by,yes
20,722,2,85,swimming,yes
21,723,2,85,to,yes
22,724,2,85,a,yes
23,725,2,85,big,yes
24,726,2,85,pool,yes
25,727,2,85,of,yes
26,728,2,85,water,yes
27,729,2,85,and,yes
28,730,2,85,pretending,yes
29,731,2,85,to,yes
30,732,2,85,hide,yes
31,733,2,85,there,yes
31,733,2,85,",",no
32,734,2,85,but,yes
33,735,2,85,then,yes
34,736,2,85,sneaking,yes
35,737,2,85,under,yes
36,738,2,85,a,yes
37,739,2,85,rock,yes
38,740,2,85,into,yes
39,741,2,85,an,yes
40,742,2,85,obscured,yes
41,743,2,85,little,yes
1,745,2,86,his,yes
2,746,2,86,brother,yes
3,747,2,86,had,yes
4,748,2,86,blatantly,yes
5,749,2,86,peeked,yes
6,750,2,86,and,yes
7,751,2,86,even,yes
8,752,2,86,followed,yes
9,753,2,86,aqua,yes
10,754,2,86,as,yes
11,755,2,86,he,yes
12,756,2,86,entered,yes
13,757,2,86,the,yes
14,758,2,86,big,yes
15,759,2,86,pool,yes
16,760,2,86,of,yes
17,761,2,86,water,yes
17,761,2,86,",",no
18,762,2,86,so,yes
19,763,2,86,when,yes
20,764,2,86,he,yes
21,765,2,86,searched,yes
22,766,2,86,there,yes
23,767,2,86,and,yes
24,768,2,86,could,yes
25,769,2,86,not,yes
26,770,2,86,find,yes
27,771,2,86,him,yes
27,771,2,86,",",no
28,772,2,86,he,yes
29,773,2,86,was,yes
30,774,2,86,extremely,yes
31,775,2,86,surprised,yes
32,776,2,86,and,yes
33,777,2,86,gave,yes
1,779,2,87,aqua,yes
2,780,2,87,liked,yes
3,781,2,87,this,yes
4,782,2,87,pond,yes
5,783,2,87,where,yes
6,784,2,87,he,yes
7,785,2,87,could,yes
8,786,2,87,play,yes
9,787,2,87,all,yes
10,788,2,87,day,yes
10,788,2,87,",",no
11,789,2,87,so,yes
12,790,2,87,he,yes
13,791,2,87,stayed,yes
14,792,2,87,a,yes
15,793,2,87,good,yes
16,794,2,87,while,yes
16,794,2,87,",",no
17,795,2,87,sailing,yes
18,796,2,87,up,yes
19,797,2,87,and,yes
20,798,2,87,down,yes
20,798,2,87,",",no
21,799,2,87,taking,yes
22,800,2,87,the,yes
23,801,2,87,ducks,yes
23,801,2,87,',no
24,802,2,87,backs,yes
25,803,2,87,for,yes
26,804,2,87,ships,yes
27,805,2,87,and,yes
28,806,2,87,the,yes
29,807,2,87,frogs,yes
30,808,2,87,for,yes
31,809,2,87,horses,yes
31,809,2,87,",",no
32,810,2,87,but,yes
33,811,2,87,after,yes
34,812,2,87,a,yes
35,813,2,87,time,yes
36,814,2,87,he,yes
37,815,2,87,tired,yes
38,816,2,87,of,yes
39,817,2,87,the,yes
40,818,2,87,dull,yes
41,819,2,87,life,yes
41,819,2,87,",",no
42,820,2,87,and,yes
43,821,2,87,he,yes
44,822,2,87,and,yes
45,823,2,87,his,yes
46,824,2,87,brothers,yes
47,825,2,87,floated,yes
48,826,2,87,under,yes
49,827,2,87,a,yes
50,828,2,87,bridge,yes
51,829,2,87,for,yes
52,830,2,87,a,yes
53,831,2,87,long,yes
54,832,2,87,distance,yes
54,832,2,87,",",no
55,833,2,87,until,yes
56,834,2,87,they,yes
57,835,2,87,saw,yes
58,836,2,87,another,yes
59,837,2,87,brook,yes
60,838,2,87,tumbling,yes
61,839,2,87,down,yes
62,840,2,87,a,yes
1,842,2,88,``,no
1,842,2,88,come,yes
1,842,2,88,",",no
2,843,2,88,let,yes
2,843,2,88,'s,no
3,844,2,88,join,yes
1,846,2,89,cried,yes
2,847,2,89,aqua,yes
3,848,2,89,and,yes
4,849,2,89,because,yes
5,850,2,89,the,yes
6,851,2,89,water,yes
7,852,2,89,drops,yes
8,853,2,89,were,yes
9,854,2,89,all,yes
10,855,2,89,together,yes
10,855,2,89,",",no
11,856,2,89,overcoming,yes
12,857,2,89,the,yes
13,858,2,89,brook,yes
14,859,2,89,was,yes
15,860,2,89,child,yes
15,860,2,89,'s,no
1,862,2,90,it,yes
2,863,2,90,was,yes
3,864,2,90,by,yes
4,865,2,90,the,yes
5,866,2,90,help,yes
6,867,2,90,of,yes
7,868,2,90,aqua,yes
8,869,2,90,and,yes
9,870,2,90,his,yes
10,871,2,90,brothers,yes
11,872,2,90,that,yes
12,873,2,90,the,yes
13,874,2,90,bewitching,yes
14,875,2,90,river,yes
15,876,2,90,was,yes
16,877,2,90,able,yes
17,878,2,90,to,yes
18,879,2,90,float,yes
19,880,2,90,heavy,yes
20,881,2,90,ships,yes
20,881,2,90,",",no
21,882,2,90,though,yes
22,883,2,90,not,yes
23,884,2,90,so,yes
24,885,2,90,long,yes
25,886,2,90,ago,yes
26,887,2,90,it,yes
27,888,2,90,was,yes
28,889,2,90,only,yes
29,890,2,90,a,yes
30,891,2,90,little,yes
1,893,2,91,as,yes
2,894,2,91,the,yes
3,895,2,91,river,yes
4,896,2,91,grew,yes
5,897,2,91,wider,yes
6,898,2,91,and,yes
7,899,2,91,he,yes
8,900,2,91,could,yes
9,901,2,91,almost,yes
10,902,2,91,see,yes
11,903,2,91,the,yes
12,904,2,91,ocean,yes
12,904,2,91,",",no
13,905,2,91,aqua,yes
14,906,2,91,realized,yes
15,907,2,91,his,yes
16,908,2,91,journey,yes
17,909,2,91,was,yes
18,910,2,91,almost,yes
19,911,2,91,over,yes
20,912,2,91,and,yes
21,913,2,91,he,yes
22,914,2,91,had,yes
23,915,2,91,come,yes
24,916,2,91,full,yes
1,918,2,92,back,yes
2,919,2,92,in,yes
3,920,2,92,the,yes
4,921,2,92,ocean,yes
4,921,2,92,",",no
5,922,2,92,he,yes
6,923,2,92,felt,yes
7,924,2,92,right,yes
8,925,2,92,at,yes
1,927,2,93,for,yes
2,928,2,93,him,yes
2,928,2,93,",",no
3,929,2,93,this,yes
4,930,2,93,was,yes
5,931,2,93,the,yes
6,932,2,93,safest,yes
6,932,2,93,",",no
7,933,2,93,sweetest,yes
8,934,2,93,place,yes
9,935,2,93,in,yes
10,936,2,93,the,yes
11,937,2,93,whole,yes
12,938,2,93,wide,yes
1,940,2,94,during,yes
2,941,2,94,the,yes
3,942,2,94,warm,yes
4,943,2,94,summer,yes
5,944,2,94,evenings,yes
5,944,2,94,",",no
6,945,2,94,if,yes
7,946,2,94,you,yes
8,947,2,94,take,yes
9,948,2,94,a,yes
10,949,2,94,walk,yes
11,950,2,94,on,yes
12,951,2,94,the,yes
13,952,2,94,sea,yes
14,953,2,94,beach,yes
14,953,2,94,",",no
15,954,2,94,you,yes
16,955,2,94,will,yes
17,956,2,94,hear,yes
18,957,2,94,the,yes
19,958,2,94,gentle,yes
20,959,2,94,rippling,yes
21,960,2,94,swash,yes
22,961,2,94,of,yes
23,962,2,94,the,yes
24,963,2,94,waves,yes
25,964,2,94,and,yes
26,965,2,94,some,yes
27,966,2,94,say,yes
28,967,2,94,that,yes
29,968,2,94,it,yes
30,969,2,94,must,yes
31,970,2,94,be,yes
32,971,2,94,the,yes
33,972,2,94,gurgling,yes
34,973,2,94,voices,yes
35,974,2,94,of,yes
36,975,2,94,aqua,yes
37,976,2,94,and,yes
38,977,2,94,his,yes
39,978,2,94,brother,yes
40,979,2,94,water,yes
41,980,2,94,drops,yes
42,981,2,94,telling,yes
43,982,2,94,each,yes
44,983,2,94,other,yes
45,984,2,94,about,yes
46,985,2,94,their,yes
47,986,2,94,wonderful,yes
48,987,2,94,journey,yes
49,988,2,94,around,yes
50,989,2,94,the,yes
