WORD	POS	FREQ
if	IN	11
you	PRP	39
be	VBD	273
were	VBD	62
*	-NONE-	294
to	TO	251
journey	VB	1
the	DT	795
north	NNP	1
of	IN	231
england	NNP	1
,	,	678
would	MD	29
come	VB	8
a	DT	222
valley	NN	3
that	WDT	73
*t*-1	-NONE-	264
be	VBZ	42
is	VBZ	42
surround	VBN	3
surrounded	VBN	3
by	IN	55
moor	NNS	1
moors	NNS	1
as	RB	19
high	JJ	8
as	IN	84
mountain	NNS	1
mountains	NNS	1
.	.	444
it	PRP	115
in	IN	150
this	DT	35
where	WRB	20
find	VB	9
city	NN	3
bradford	NNP	12
once	RB	4
thousand	CD	2
spinning	JJ	1
jenny	NNS	1
jennies	NNS	1
*t*-3	-NONE-	13
hum	VBD	1
hummed	VBD	1
and	CC	309
clatter	VBD	1
clattered	VBD	1
spin	VBD	1
spun	VBD	1
*t*-2	-NONE-	47
wool	NN	1
into	IN	31
money	NN	2
for	IN	73
long-bearded	JJ	1
mill	NN	5
owner	NNS	3
owners	NNS	3
that	IN	83
all	DT	24
generally	RB	3
busy	JJ	3
beaver	NNS	1
beavers	NNS	1
quite	RB	6
please	VBN	2
pleased	VBN	2
with	IN	72
themselves	PRP	3
be	VBG	7
being	VBG	7
so	RB	22
successful	JJ	1
well	JJ	1
off	RB	1
was	VBD	211
know	VBN	7
known	VBN	7
resident	NNS	1
residents	NNS	1
go	VB	10
visit	VB	2
stately	JJ	1
city	NNP	3
hall	NNP	1
see	VB	9
there	RB	9
crest	NNP	1
which	WDT	30
those	DT	6
same	JJ	2
create	VBD	2
created	VBD	2
celebrate	VB	1
their	PRP$	21
achievement	NNS	1
achievements	NNS	1
show	VBZ	1
shows	VBZ	1
sinister	JJ	1
looking	JJ	1
boar	NN	24
translated_aposs	POS	70
head	NN	17
sit	VBG	6
sitting	VBG	6
on	IN	52
top	NN	3
well	NN	4
seem	VBZ	1
seems	VBZ	1
puzzling	JJ	1
at	IN	58
first	RB	6
but	CC	57
reason	NN	1
symbol	NN	2
matter	NN	2
legend	NN	2
there	EX	13
have	VBZ	9
has	VBZ	9
fearsome	JJ	2
live	VBD	1
lived	VBD	1
wood	NN	5
locate	VBN	1
located	VBN	1
just	RB	16
outside	IN	4
manor	NN	1
source	NN	1
great	JJ	4
trouble	NN	2
local	JJ	1
folk	NN	1
bring	VBG	1
bringing	VBG	1
terror	NN	1
peaceful	JJ	2
flock	NNS	1
flocks	NNS	1
ravage	VBG	1
ravaging	VBG	1
countryside	NN	1
around	RP	3
even	RB	13
worse	RBR	1
however	RB	13
most	RBS	10
like	VBD	4
liked	VBD	4
drink	VB	1
its	PRP$	10
fresh	JJ	1
water	NN	22
people	NNS	19
have	VBD	104
had	VBD	104
second	JJ	7
thought	NNS	1
thoughts	NNS	1
about	IN	11
visit	VBG	1
visiting	VBG	1
bore	VBD	1
brunt	NN	1
beast	NN	1
ferocity	NN	1
unfair	JJ	1
eye	NNS	10
eyes	NNS	10
region	NN	1
eventually	RB	1
issue	NN	1
reach	VBD	2
reached	VBD	2
ear	NNS	2
ears	NNS	2
kindly	JJ	2
lord	NN	7
manor	NNP	9
who	WP	68
often	RB	8
ask	VBN	3
asked	VBN	3
help	NN	3
lord	NNP	7
saw	VBD	13
severity	NN	2
problem	NN	4
face	VBD	1
faced	VBD	1
suggest	VBD	3
suggested	VBD	3
contest	NN	1
could	MD	38
solve	VB	1
he	PRP	96
say	VBD	30
said	VBD	30
whoever	WP	2
kill	VB	3
bring	VB	1
proof	NN	4
house	NNP	4
be	VB	45
reward	VBN	2
rewarded	VBN	2
land	NN	3
fame	NN	3
know	VBD	7
knew	VBD	7
them	PRP	14
rejoice	VBD	2
rejoiced	VBD	2
proclamation	NN	1
one	CD	26
question	NN	3
remain	VBD	3
remained	VBD	3
:	:	2
?	.	27
handsome	JJ	1
reward	NN	3
many	DT	1
felt	VBD	5
tempt	VBN	1
tempted	VBN	1
thought	NN	1
deadly	JJ	1
tusk	NNS	1
tusks	NNS	1
face	NN	7
like	IN	17
thunder	NN	1
soon	RB	4
put	VBD	3
an	DT	27
end	NN	4
ambition	NNS	1
ambitions	NNS	1
huntsman	NN	24
still	RB	6
wet	JJ	2
behind	IN	5
decide	VBD	7
decided	VBD	7
prize	NN	4
worth	JJ	1
shot	NN	1
spite	NN	1
reputation	NN	1
discover	VBD	2
discovered	VBD	2
prefer	VBD	1
preferred	VBD	1
out	RP	36
middle	NN	2
day	NN	18
so	IN	13
go	VBD	9
went	VBD	9
his	PRP$	52
good	JJ	7
bow	NN	1
bide	VB	1
time	NN	16
around	IN	9
noontime	NN	1
fear	VBN	1
feared	VBN	1
local	NNS	1
locals	NNS	1
come	VBD	13
came	VBD	12
slow	JJ	1
snail	NN	9
from	IN	48
among	IN	4
tree	NNS	1
trees	NNS	1
predict	VBN	1
predicted	VBN	1
leap	VBD	1
leaped	VBD	1
hiding	NN	2
place	NN	7
through	IN	12
heart	NN	4
fine	JJ	3
arrow	NNS	1
arrows	NNS	1
shoot	VBD	1
shot	VBD	1
now	RB	14
no	RB	5
longer	RB	4
way	NN	8
carry	VB	3
back	RB	17
too	RB	6
heavy	JJ	5
little	JJ	42
back	RP	1
quick-witted	JJ	1
cunning	JJ	4
ever	RB	3
ask	VBD	9
asked	VBD	9
himself	PRP	5
``	``	88
what	WP	15
else	RB	1
can	MD	13
i	PRP	71
do	VB	2
prove	VB	1
kill	VBD	1
killed	VBD	1
translated_apostranslated_apos	''	88
next	JJ	9
instance	NN	1
open	VBD	3
opened	VBD	3
mouth	NN	2
cut	VBD	3
tongue	NN	7
take	VBG	3
taking	VBG	3
that	DT	23
set	VBP	1
quickly	RB	3
only	RB	11
be	VBN	23
been	VBN	23
go	VBN	3
gone	VBN	3
few	JJ	9
minute	NNS	3
minutes	NNS	3
when	WRB	30
not	RB	58
bold	JJ	2
first	JJ	17
little	RB	2
more	RBR	11
scene	NN	1
see	VBG	1
seeing	VBG	1
slay	VBN	3
slain	VBN	3
carcass	NNS	1
fortune	NN	1
shortcut	NN	1
nearby	JJ	1
pond	NN	5
big	JJR	1
bigger	JJR	1
man	NN	13
than	IN	11
able	JJ	4
pick	VB	1
up	RP	25
carry	VBP	1
towards	IN	3
await	VBD	1
awaited	VBD	1
him	PRP	27
seat	VBN	1
seated	VBN	1
hall	NN	3
burst	VBP	3
door	NN	4
begin	VBD	7
began	VBD	7
spin	VB	1
line	NN	1
woe	NNS	2
woes	NNS	2
be	VBP	30
are	VBP	21
end	VBN	2
ended	VBN	2
!	.	25
announce	VBD	1
announced	VBD	1
my	PRP$	24
own	JJ	5
hand	NN	3
have	VBP	16
foot	NNS	8
feet	NNS	8
drop	VBD	1
dropped	VBD	1
enormous	JJ	1
then	RB	38
will	MD	8
promise	VBD	1
promised	VBD	1
but	RB	1
let	VB	4
me	PRP	19
examine	VB	2
monster	NN	1
advance	NN	1
very	RB	16
clever	JJ	1
part	NN	4
right	RB	8
away	RB	4
notice	VBD	2
noticed	VBD	2
miss	VBG	1
missing	VBG	1
exclaim	VBD	2
exclaimed	VBD	2
no	DT	22
look	VBD	13
looked	VBD	13
dubiously	RB	1
how	WRB	8
creature	NN	3
demand	VBD	1
demanded	VBD	1
question	VBN	1
questioned	VBN	1
reply	VBD	5
replied	VBD	5
say	VB	2
suddenly	RB	9
realize	VBG	1
realizing	VBG	1
tricky	JJ	2
situation	NN	2
end	VB	2
badly	RB	1
moment	NN	2
cry	VBD	9
cried	VBD	9
dread	VB	1
dreaded	VB	1
turn	VBD	2
turned	VBD	2
stand	VBD	3
stood	VBD	3
doorway	NN	2
already	RB	4
give	VBN	8
given	VBN	8
here	RB	2
bring	VBN	1
brought	VBN	1
say	VBG	2
saying	VBG	2
draw	VBD	2
drew	VBD	2
put	VBN	4
hunting	NN	2
pouch	NN	1
relate	VBN	1
related	VBN	1
ambush	VBD	1
ambushed	VBD	1
victory	NN	2
listen	VBG	1
listening	VBG	1
tale	NN	1
try	VBD	7
tried	VBD	7
discern	VB	1
tell	VBG	3
telling	VBG	3
truth	NN	1
two	CD	11
huntsmen	NN	1
think	VBG	2
thinking	VBG	2
they	PRP	42
wait	VBD	1
waited	VBD	1
make	VB	6
decision	NN	1
almost	RB	9
instantly	RB	1
feed	VBN	1
fed	VBN	1
pack	NN	1
lie	NNS	1
lies	NNS	1
true	JJ	6
savior	NN	1
believe	VBD	3
believed	VBD	3
try	VBN	1
tried	VBN	1
steal	VB	1
proclaim	VBD	1
proclaimed	VBD	1
victor	NN	1
wonder	VBD	2
wondered	VBD	2
why	WRB	5
always	RB	10
encounter	VBD	1
encountered	VBD	1
much	JJ	3
chicanery	NN	1
everyday	JJ	1
interaction	NNS	1
interactions	NNS	1
earn	VBN	2
earned	VBN	2
fair	RB	1
square	RB	1
receive	VBD	1
received	VBD	1
piece	NN	2
town	NN	2
thereafter	RB	3
hunt	NNP	1
yard	NNP	1
indeed	RB	2
assure	VBN	1
assured	VBN	1
nearly	RB	3
lasting	JJ	1
boar	NNP	1
clear	JJ	3
joyous	JJ	1
out	IN	2
wide	JJ	2
open	JJ	3
sea	NN	2
thousand	NNS	3
thousands	NNS	3
upon	IN	2
sparkling	JJ	1
drop	NNS	10
drops	NNS	10
excite	VBN	1
excited	VBN	1
get	VBG	4
getting	VBG	4
play	VB	5
ocean	NN	8
dance	VBN	2
danced	VBN	2
all	RB	5
around	RB	1
these	DT	10
merry	JJ	1
fellow	NN	1
name	VBN	3
named	VBN	3
aqua	NNP	14
silver	JJ	1
back	NNS	2
backs	NNS	2
fish	NNS	1
fishes	NNS	1
plunge	VBD	2
plunged	VBD	2
up	RB	7
down	RB	9
wave	NNS	3
waves	NNS	3
high	RB	1
*t*2	-NONE-	1
spring	VBD	2
sprung	VBD	1
again	RB	6
mother	NN	9
lap	NN	1
know	VBP	4
beautiful	JJ	6
she	PRP	102
summer	NN	2
her	PRP$	68
dark	JJ	5
blue	JJ	3
dress	NN	1
white	JJ	6
ruffle	NNS	1
ruffles	NNS	1
happy	JJ	2
drop	NN	2
tire	VBD	1
tired	VBD	1
play	NN	2
look	VBG	5
looking	VBG	5
sky	NN	5
above	IN	2
think	VBD	9
thought	VBD	9
like	VB	2
have	VB	22
sail	NN	1
marshmallow-like	JJ	1
cloud	NNS	2
clouds	NNS	2
instead	RB	1
spend	VBG	1
spending	VBG	1
whole	JJ	6
life	NN	5
aqua	NNS	1
afraid	JJ	1
finally	RB	5
face	VB	1
demon	NNS	1
demons	NNS	1
solution	NN	2
involve	VBG	2
involving	VBG	2
sun	NN	7
carry	VBG	1
carrying	VBG	1
ideal	JJ	2
understand	VBD	5
understood	VBD	5
request	NN	1
acquiesce	VBD	1
acquiesced	VBD	1
also	RB	10
take	VBD	6
took	VBD	6
many	JJ	16
other	JJ	26
might	MD	6
lonesome	JJ	1
all	PDT	12
change	VBN	2
changed	VBN	2
mist	NN	1
or	CC	46
vapor	NN	4
do	VBP	7
know	VB	4
breathe	VB	1
air	NN	7
cold	JJ	3
enough	RB	3
come	VBG	1
coming	VBG	1
out	RB	7
your	PRP$	4
thick	RB	1
fast	RB	4
like	RB	2
steam	NN	1
near	IN	5
earth	NN	12
we	PRP	10
call	VBP	2
fog	JJ	1
dance	VBD	1
danced	VBD	1
because	IN	15
shape	NN	1
sunbeam	NNS	1
sunbeams	NNS	1
let	VBD	1
higher	RBR	2
sail	VBD	1
sailed	VBD	1
though	IN	8
grand	JJ	1
friend	NNS	2
friends	NNS	2
fish	NN	4
grow	VBD	5
grew	VBD	5
dizzy	JJ	1
enjoy	VBD	1
enjoyed	VBD	1
world	NN	7
below	JJ	1
while	IN	4
wind	NN	4
scatter	VBN	1
scattered	VBN	1
across	IN	3
four	CD	1
corner	NNS	2
corners	NNS	2
after	IN	9
while	NN	3
bed	NN	7
become	VBD	3
became	VBD	3
red	JJ	6
sink	VB	1
low	JJR	2
lower	JJR	2
until	IN	8
clear	RB	1
sight	NN	3
poor	NNP	2
aqua	NN	1
frighten	VBN	1
frightened	VBN	1
impending	JJ	1
cold	NN	6
darkness	NNS	2
wish	VBD	4
wished	VBD	4
sleep	VB	1
somewhere	NN	1
closer	RBR	1
hear	VBD	5
heard	VBD	5
blow	VB	1
conjecture	VBD	1
conjectured	VBD	1
maybe	RB	1
take	VB	6
pity	NN	1
fan	VBD	1
fanned	VBD	1
together	RB	5
brother	NNS	3
brothers	NNS	3
sister	NNS	2
sisters	NNS	2
gray	JJ	1
cloud	NN	2
blow	VBD	1
blew	VBD	1
apart	RB	1
tell	VBD	7
told	VBD	7
hurry	VB	1
furious	RB	1
fight	VBG	1
fighting	VBG	1
chance	NN	2
reach	VBG	1
reaching	VBG	1
roll	VBG	2
rolling	VBG	2
over	IN	10
each	DT	4
patter	NN	1
clatter	NN	1
spatter	NN	1
touch	VBD	1
touched	VBD	1
ground	NN	3
that	WPD	1
raindrop	NNS	2
raindrops	NNS	2
fell	VBD	5
on	RP	8
translated_aposs	VBZ	10
rain	VBG	1
raining	VBG	1
umbrella	NNS	1
umbrellas	NNS	1
some	DT	16
fortunate	JJ	1
include	VBG	6
including	VBG	6
mountainside	NN	1
down	IN	3
rocky	JJ	1
cliff	NN	1
run	VBD	2
ran	VBD	2
mountain	NN	1
brook	NN	4
foam	VBG	1
foaming	VBG	1
dash	VBG	1
dashing	VBG	1
along	RB	1
leap	VBG	1
leaping	VBG	1
rock	NNS	1
rocks	NNS	1
rush	VBG	1
rushing	VBG	1
hillside	NN	2
below	IN	1
strange	JJ	1
strangest	JJ	1
clattering	NN	1
noise	NN	2
flour	NN	2
stand	VBG	2
standing	VBG	2
bank	NN	1
inside	IN	2
stone	NNS	2
stones	NNS	2
big	JJ	9
wheel	NN	2
keep	VBD	2
kept	VBD	2
whiz	VBG	1
whizzing	VBG	1
round	IN	3
smooth	VBN	1
smoothed	VBN	1
spinning	NN	1
grind	VBG	1
grinding	VBG	1
wheat	NN	1
corn	NN	1
golden	JJ	1
meal	NN	1
what	WDT	3
giant	NN	2
suppose	VB	1
turn	VB	2
swing	VB	1
tremendous	JJ	1
our	PRP$	5
tiny	JJ	2
sprang	VBD	1
hundred	NNS	3
hundreds	NNS	3
whirl	VBD	1
whirled	VBD	1
over	RP	7
lucky	JJ	1
swim	VBG	2
swimming	VBG	2
next	RB	3
empty	VBN	1
emptied	VBN	1
duck	NNS	2
ducks	NNS	2
goose	NNS	1
geese	NNS	1
live	VBG	2
living	VBG	2
peacefully	RB	1
hide-and-seek	NN	1
brother	NN	3
fool	VBN	2
fooled	VBN	2
pool	NN	2
pretend	VBG	1
pretending	VBG	1
hide	VB	3
sneak	VBG	1
sneaking	VBG	1
under	IN	2
rock	NN	1
obscured	JJ	1
puddle	NN	1
blatantly	RB	1
peek	VBN	1
peeked	VBN	1
follow	VBN	1
followed	VBN	1
enter	VBD	2
entered	VBD	2
search	VBD	1
searched	VBD	1
extremely	RB	1
surprised	JJ	1
give	VBD	5
gave	VBD	5
stay	VBD	1
stayed	VBD	1
sail	VBG	1
sailing	VBG	1
translated_apos	POS	2
ship	NNS	2
ships	NNS	2
frog	NNS	1
frogs	NNS	1
horse	NNS	1
horses	NNS	1
tire	VBN	1
tired	VBN	1
dull	JJ	1
float	VBD	1
floated	VBD	1
bridge	NN	1
long	JJ	3
distance	NN	1
another	DT	8
tumble	VBG	1
tumbling	VBG	1
translated_aposs	PRP	1
join	VB	2
hand	NNS	2
hands	NNS	2
overcome	VBG	1
overcoming	VBG	1
child	NN	3
bewitch	VBG	1
bewitching	VBG	1
river	NN	2
float	VB	1
long	RB	1
ago	RB	2
stream	NN	1
wide	JJR	1
wider	JJR	1
realize	VBD	1
realized	VBD	1
journey	NN	2
over	JJ	1
come	VBN	3
full	JJ	2
circle	NN	1
home	NN	8
safe	JJS	1
safest	JJS	1
sweet	JJS	1
sweetest	JJS	1
during	IN	6
warm	JJ	3
evening	NNS	1
evenings	NNS	1
take	VBP	1
walk	NN	1
beach	NN	1
hear	VB	4
gentle	JJ	1
rippling	JJ	1
swash	NN	1
say	VBP	1
must	MD	6
gurgle	VBG	1
gurgling	VBG	1
voice	NNS	1
voices	NNS	1
drop	NP	1
drops	NP	1
wonderful	JJ	2
last	JJ	4
evening	NN	4
old	JJ	7
year	NN	5
snow	NN	2
fall	VBG	2
falling	VBG	2
fast	JJ	1
furious	JJ	1
girl	NN	25
one	NN	13
shelter	VBD	1
sheltered	VBD	1
gelid	JJ	1
roam	VBD	1
roamed	VBD	1
street	NNS	2
streets	NNS	2
bare	JJ	1
naked	JJ	2
poor	JJ	3
church	NN	1
mouse	NN	7
pair	NN	3
slipper	NNS	3
slippers	NNS	3
her	PRP	31
leave	VBD	1
left	VBD	1
use	NN	2
chocolate	NN	1
teapot	NN	1
own	VBN	1
owned	VBN	1
large	JJ	6
emaciated	JJ	1
lose	VBN	2
lost	VBN	2
run	VBG	1
running	VBG	1
street	NN	1
avoid	VB	1
carriage	NNS	1
carriages	NNS	1
along	RP	2
terrible	JJ	1
rate	NN	1
boy	NN	1
seize	VBD	1
seized	VBD	1
upon	RP	1
use	VB	1
pet	JJ	1
wonder	VBG	1
wondering	VBG	1
get	VB	5
dreadful	JJ	1
night	NN	4
approach	VBD	1
approached	VBD	1
hovel	NN	1
use	VBN	3
used	VBN	3
shelter	NN	1
time	NNS	4
times	NNS	4
before	RB	3
find	VBD	6
found	VBD	6
entrance	NN	1
lock	VBN	1
locked	VBN	1
tough	JJ	1
luck	NN	2
bad	JJR	2
worse	JJR	2
others	NNS	7
good	NNP	1
samaritan	NNP	1
penny	NN	1
sell	VBG	1
selling	VBG	1
any	DT	6
match	NNS	5
matches	NNS	5
carry	VBD	1
carried	VBD	1
apron	NN	1
grandmother	NN	8
picture	NN	1
misery	NN	1
fair	JJ	1
hair	NN	11
hang	VBN	1
hung	VBN	1
curl	NNS	1
curls	NNS	1
shoulder	NNS	1
shoulders	NNS	1
snowflake	NNS	1
snowflakes	NNS	1
land	VBG	1
landing	VBG	1
do	VBD	15
did	VBD	15
notice	VB	2
shiver	VBD	1
shivered	VBD	1
lose	VBG	1
losing	VBG	1
strength	NN	1
begin	VBG	2
beginning	VBG	2
doubt	VB	1
weather	VB	1
storm	NN	1
new	NNP	3
year	NNP	2
herself	PRP	9
light	NNS	1
lights	NNS	1
shine	VBP	2
shone	VBP	2
every	DT	4
window	NN	1
savory	JJ	1
smell	NN	1
roast	NN	1
goose	NN	2
creep	VBD	2
crept	VBD	2
outside	RB	3
alone	RB	2
exhausted	JJ	1
sit	VBD	5
sat	VBD	5
down	RP	6
corner	NN	1
bakery	NN	1
rag	NN	1
find	VBN	4
found	VBN	5
leg	NNS	2
legs	NNS	2
cover	VB	2
keep	VB	4
off	RP	5
completely	RB	2
envelop	VBN	1
enveloped	VBN	1
dare	VBD	2
dared	VBD	2
sell	VBN	1
sold	VBN	1
father	NN	1
mean	NN	1
moody	NN	1
since	IN	5
wife	NN	1
meet	VB	1
maker	NN	1
certainly	RB	2
beat	VB	2
do	VBN	2
done	VBN	2
several	JJ	6
week	NNS	2
weeks	NNS	2
past	JJ	1
today	NN	2
besides	RB	1
patchy	JJ	1
roof	NN	1
freeze	VBN	3
frozen	VBN	3
solid	RB	1
burning	JJ	1
match	NN	8
good	NN	1
scratch	VB	1
sound	VBD	2
sounded	VBD	2
how	RB	3
sputter	VBD	1
sputtered	VBD	1
burn	VBN	1
burnt	VBN	1
candle-like	JJ	1
bright	JJ	3
light	NN	7
hide	VBD	1
hid	VBD	1
hold	VBD	3
held	VBD	3
want	VBN	1
wanted	VBN	1
buy	VB	5
really	RB	4
seem	VBD	6
seemed	VBD	6
iron	NN	1
stove	NN	1
polished	JJ	1
brass	NN	3
ornament	NN	1
fire	NN	4
burn	VBD	1
burned	VBD	1
pleased	JJ	1
actually	RB	3
stretch	VBN	1
stretched	VBN	1
warm	VB	2
flame	NN	2
short	JJ	3
stubby	JJ	1
rub	VBD	2
rubbed	VBD	2
wall	NN	7
lo	JJ	1
behold	JJ	1
transport	VBN	1
transported	VBN	1
dank	JJ	1
sunny	JJ	1
forest	NN	2
bird	NNS	27
birds	NNS	27
chirp	VBG	2
chirping	VBG	2
wildflower	NNS	1
wildflowers	NNS	1
birch	NNS	1
birches	NNS	1
squirrel	NN	3
hide	VBP	1
hid	VBP	1
food	NN	3
scurry	VBD	1
scurried	VBD	1
underbrush	NN	1
curious	JJ	1
dig	VBD	1
dug	VBD	1
forget	VBD	2
forgot	VBD	2
put	VB	2
nowhere	RB	2
ntranslated_apost	RB	13
before	IN	8
thick	JJ	1
damp	JJ	1
despondently	RB	1
fully	RB	1
darkened	JJ	1
star	NN	2
fall	VB	1
leave	VBG	1
leaving	VBG	1
streak	NN	1
someone	NN	2
die	VBG	1
dying	VBG	1
love	VBN	1
loved	VBN	1
most	JJS	5
use	VBD	2
used	VBD	2
sunday	NNP	1
tell	VBN	2
told	VBN	2
*t*-4	-NONE-	2
fall	VBZ	1
falls	VBZ	1
soul	NN	1
leave	VBZ	1
leaves	VBZ	1
brightness	NNS	2
love	VBG	1
loving	VBG	1
appearance	NN	1
disappear	VB	3
grandmother	NNP	1
o	NNP	1
away	RP	5
burn	VBZ	1
burns	VBZ	1
light	VB	1
bundle	NN	2
order	NN	3
glow	VBD	1
glowed	VBD	1
brighter	JJ	1
never	RB	3
appear	VBN	1
appeared	VBN	1
arm	NNS	4
arms	NNS	4
both	DT	3
fly	VBD	6
flew	VBD	6
upwards	RB	1
joy	NN	1
far	RB	1
neither	CC	1
nor	CC	3
hunger	NN	2
safe	JJ	4
dawn	NN	2
morning	NN	3
lay	VBD	2
frown	VBG	1
frowning	VBG	1
smile	VBG	3
smiling	VBG	3
pale	JJ	1
lean	VBG	1
leaning	VBG	1
against	IN	3
stone	RB	1
dead	JJ	1
child	NNP	1
children	NNP	1
ask	VBG	1
asking	VBG	1
parent	NNS	3
parents	NNS	3
help	VBD	1
helped	VBD	1
dirt	RB	1
helpless	JJ	1
passersby	NN	1
motionless	JJ	1
help	VBN	1
helped	VBN	1
intention	NNS	1
intentions	NNS	1
late	RB	1
dollar	NN	1
short	RB	1
suspect	VBD	1
suspected	VBD	1
fall	VBN	1
fallen	VBN	1
asleep	JJ	1
imagine	VBD	1
imagined	VBD	1
thing	NNS	6
things	NNS	6
see	VBN	4
seen	VBN	4
glory	NN	1
enter	VBN	1
entered	VBN	1
head	NNS	1
heads	NNS	1
master	NN	1
number	NN	3
choose	VBN	1
chosen	VBN	1
king	NN	19
meeting	NN	4
call	VBN	5
called	VBN	5
distant	JJ	1
land	NNS	1
lands	NNS	1
unable	JJ	1
faraway	JJ	1
meadow	NNS	1
meadows	NNS	1
wood	NNS	1
woods	NNS	1
eagle	NN	9
de	FW	2
facto	FW	1
arrive	VBD	2
arrived	VBD	2
fashionably	RB	1
late	JJ	4
hawk	NN	1
excited	JJ	2
horse	NN	1
small	JJ	10
fry	NN	1
robin	NN	1
bluebird	NN	1
owl	NN	8
lark	NN	1
sparrow	NN	1
million	CD	1
present	JJ	2
cuckoo	NN	1
invite	VBN	1
invited	VBN	1
call	NN	1
annoy	VBD	1
annoyed	VBD	1
bird	NN	19
name	NN	4
overturn	VBG	1
overturning	VBG	1
balance	NN	1
power	NN	2
confusion	NN	3
expect	VBN	3
expected	VBN	3
sheer	JJ	1
number	NNS	1
numbers	NNS	1
gather	VBN	1
gathered	VBN	1
pip	VBG	1
piping	VBG	1
hiss	VBG	1
hissing	VBG	1
clack	VBG	1
clacking	VBG	1
decide	VBN	1
decided	VBN	1
fly	VB	2
high	JJS	2
highest	JJS	2
should	MD	7
low	RB	1
hop	VBG	2
hopping	VBG	2
onto	IN	4
back	NN	2
competition	NN	1
about	RB	5
commence	VB	1
flock	NN	1
signal	NN	1
dust	NN	2
black	JJ	1
float	VBG	1
floating	VBG	1
field	NN	2
flap	VBG	1
flapping	VBG	1
field	NNS	1
fields	NNS	1
mile	NNS	1
miles	NNS	1
tired	JJ	2
fact	NN	9
large	JJR	1
larger	JJR	1
one	NNS	1
ones	NNS	1
longer	RBR	1
high	JJR	10
higher	JJR	10
surprise	VBD	1
surprised	VBD	1
anyone	NN	2
stop	VB	1
fly	VBG	6
flying	VBG	6
straight	RB	3
bag	NN	1
am	VBP	9
below	RB	1
call	VBD	1
called	VBD	1
accord	NN	1
,	CC	6
except	IN	1
cry	VBN	1
cried	VBN	1
shrill	JJ	2
voice	NN	3
blue	NN	1
without	IN	3
rise	VBD	1
rose	VBD	1
lie	VBN	1
lain	VBN	1
hide	VBN	3
hidden	VBN	3
feather	NNS	2
feathers	NNS	2
guile	NN	1
ace	NN	1
up	IN	1
sleeve	NN	1
laugh	VBD	2
laughed	VBD	2
easy	JJ	2
outwit	VB	1
mount	VBD	1
mounted	VBD	1
fold	VBG	1
folding	VBG	1
wing	NNS	3
wings	NNS	3
together	RP	1
sink	VBD	1
sank	VBD	1
cry	VBG	1
crying	VBG	1
shrilly	RB	1
trick	VBN	1
tricked	VBN	1
sense	VBN	1
sensed	VBN	1
fume	VBG	1
fuming	VBG	1
anger	NN	2
break	VBG	1
breaking	VBG	1
rule	NN	1
book	NN	5
simply	RB	2
reign	VB	1
us	PRP	3
clear	VB	1
everyone	NN	1
start	VB	1
clean	JJ	1
slate	NN	1
perform	VB	2
new	JJ	15
challenge	VBG	1
challenging	VBG	1
task	NN	2
decide	VB	1
real	JJ	2
gather	VBD	1
gathered	VBD	1
case	NN	3
resolve	VBN	1
resolved	VBN	1
make	VBG	3
making	VBG	3
condition	NN	6
*rnr*-2	-NONE-	1
deep	JJS	1
deepest	JJS	1
despise	VBN	1
despised	VBN	1
square	JJ	1
confident	JJ	2
play	VBD	1
played	VBD	1
card	NNS	1
cards	NNS	1
wallow	VBD	1
wallowed	VBD	1
sand	NN	1
duck	NN	1
strive	VBD	1
strove	VBD	1
dig	VB	1
hole	NN	6
practically	RB	1
nameless	JJ	2
pitch	NN	2
creep	VBG	1
creeping	VBG	1
in	RB	1
avail	NN	1
remaining	JJ	1
littlest	JJ	1
outwit	VBN	1
outwitted	VBN	1
angrily	RB	1
think	VB	2
reward	VB	1
cunning	NN	1
no	UH	4
shall	MD	1
stay	VB	1
till	IN	1
die	VBP	1
shut	VBD	3
unwillingly	RB	1
bid	VB	1
bade	VB	1
watch	VB	2
carefully	RB	1
assign	VBN	1
assigned	VBN	1
stand	VB	1
guard	NN	1
job	NN	1
lonely	JJ	1
wearisome	JJ	1
star	VBG	1
staring	VBG	1
close	VB	1
eye	NN	4
so	CC	1
close	VBD	2
closed	VBD	2
star	VBD	1
stared	VBD	1
steadfastly	RB	1
one	PRP	1
asleep	RB	1
guard	VBN	1
guarded	VBN	1
peep	VBD	1
peeped	VBD	1
tight	RB	1
slip	VBD	1
slipped	VBD	1
want	VBD	2
wanted	VBD	2
shout	VB	1
good	JJR	5
better	JJR	5
on	RB	1
show	VB	2
fear	NN	1
daylight	NNS	1
daylights	NNS	1
fly	VBZ	1
flies	VBZ	1
nighttime	NN	1
hat	VBG	1
hating	VBG	1
pursue	VBG	1
pursuing	VBG	1
have	VBG	2
having	VBG	2
make	VBN	3
made	VBN	3
keep	VBZ	1
keeps	VBZ	1
fear	VBZ	1
fears	VBZ	1
punish	VB	1
rejection	NN	1
bitter	JJ	1
pill	NN	1
swallow	VB	1
let	VBN	1
slip	VB	1
hide	VBZ	1
hides	VBZ	1
hedge	NNS	1
hedges	NNS	1
think	VBZ	1
thinks	VBZ	1
sing	VBZ	1
sings	VBZ	1
mockery	NN	1
yes	UH	3
hedge-king	NN	2
ten	CD	6
year	NNS	11
years	NNS	11
figure	VB	1
elvis	NNP	13
presley	NNP	3
guy	NN	2
rest	NN	3
boy	NNS	3
boys	NNS	3
different	JJ	2
something	NN	7
pretty	RB	1
superlative	JJ	1
young	JJ	2
orphanage	NN	4
wrap	VBN	1
wrapped	VBN	1
finger	NN	1
nine	CD	1
otranslated_aposclock	RB	1
saturday	NNP	1
figure	VBD	1
figured	VBD	1
ask	VB	1
eugene	NNP	1
correthers	NNP	1
old	JJR	3
older	JJR	3
smart	JJR	1
smarter	JJR	1
make	VBD	5
made	VBD	5
special	JJ	3
anything	NN	2
personality	NN	1
wavy	JJ	1
move	VBD	2
moved	VBD	2
body	NN	1
half	NN	2
hour	NN	1
later	RB	5
main	JJ	2
dining	NN	1
room	NN	2
matron	NN	8
go	VBG	7
going	VBG	7
downtown	NN	1
jacksonville	NNP	1
florida	NNP	1
buster	NNP	4
brown	NNP	4
shoe	NNS	5
shoes	NNS	5
haircut	NN	8
get	VBD	6
got	VBD	6
idea	NN	4
hit	VBD	2
ton	NN	1
brick	NNS	1
bricks	NNS	1
secret	NN	1
all	NN	1
talk	VBD	1
talked	VBD	1
about	RP	3
simple	JJ	4
particularly	RB	1
loquacious	JJ	1
everybody	NN	1
orphanage	JJ	1
normally	RB	1
fear	VBD	1
feared	VBD	1
look	VB	2
learn	VB	1
move	VB	1
rich	JJ	1
famous	JJ	3
nothing	NN	4
ear	NN	3
shin	VBD	1
shined	VBD	1
brightly	RB	1
bone	NNS	3
bones	NNS	3
x-ray	JJ	1
machine	NN	2
shoe	NN	1
store	NN	1
green	JJ	2
ready	JJ	3
practice	VB	1
girl	NNS	3
girls	NNS	3
love	VBD	1
loved	VBD	1
though	RB	2
need	VBD	2
needed	VBD	2
complete	VB	1
look	NN	5
unassuming	JJ	1
unembellished	JJ	1
barbershop	NN	1
free	JJ	1
orphan	NNS	1
orphans	NNS	1
suppose	VBN	1
supposed	VBN	1
slowly	RB	4
wait	VB	2
barber	NN	11
chair	NNS	1
chairs	NNS	1
climb	VBD	3
climbed	VBD	3
board	NN	1
place	VBD	1
placed	VBD	1
sit	VB	1
beam	VBG	1
beaming	VBG	1
smile	NN	1
want	VBP	1
make	VBP	2
genial	JJ	1
grin	VBD	1
grinned	VBD	1
try	VB	2
best	JJS	1
start	VBD	2
started	VBD	2
cut	VB	3
watch	VBG	1
watching	VBG	1
ice	NN	1
motion	VBD	1
motioned	VBD	1
over	RB	2
whisper	VBN	1
whispered	VBN	1
cause	VBD	1
caused	VBD	1
shake	VB	1
response	NN	2
walk	VBD	8
walked	VBD	8
office	NN	2
chair	NN	2
squeak	VBD	1
squeaked	VBD	1
roll	VBD	1
rolled	VBD	1
floor	NN	4
speak	VBD	1
spoke	VBD	1
cut	VBG	2
cutting	VBG	2
thing	NN	3
allow	VBN	1
allowed	VBN	1
give	VB	1
cut	NN	2
desperately	RB	1
stop	VBN	1
stopped	VBN	1
answer	VB	1
expression	NN	2
tell	VB	1
within	IN	1
buzz	NN	1
finish	VBD	2
finished	VBD	2
shave	VBG	1
shaving	VBG	1
smell	VBP	1
real	RB	1
powder	NN	1
hand	VBD	2
handed	VBD	2
nickel	NN	2
snack	NN	1
myself	PRP	1
candy	NN	1
bar	NN	1
hungry	JJ	1
translated_aposm	VBP	5
sorry	JJ	3
baby	NN	2
wipe	VBD	1
wiped	VBD	1
tear	NNS	1
tears	NNS	1
brush	VBD	2
brushed	VBD	2
accumulate	VBN	1
accumulated	VBN	1
shiny	JJ	1
off	IN	1
pant	NNS	1
pants	NNS	1
sullenly	RB	1
sort	NN	1
funny	JJ	1
upset	VBN	1
damn	JJ	1
bitch	NN	1
lady	NN	1
yell	VBD	1
yelled	VBD	1
lung	NNS	1
lungs	NNS	1
walk	VBG	1
walking	VBG	1
toward	IN	2
outside	NN	1
brick	NN	1
smoke	VBG	1
smoking	VBG	1
cigarette	NN	1
smile	VBD	3
smiled	VBD	3
pat	VBD	1
patted	VBD	1
bald	JJ	1
coot	NN	1
gonna	NN	1
anytime	RB	1
story	NN	3
mr.	NNP	9
sticky	NNP	14
abby	NNP	40
tank	NN	7
mom	NN	23
peer	VBD	1
peered	VBD	1
grow	VB	3
pull	VBD	2
pulled	VBD	2
pajama	NN	1
bottom	NNS	1
bottoms	NNS	1
usually	RB	2
crack	NN	1
jump	VBD	1
jumped	VBD	1
switch	VBD	1
switched	VBD	1
contain	VBD	1
contained	VBD	1
three	CD	1
neither	DT	1
hide	NN	1
spot	VBD	1
spotted	VBD	1
take	VBN	4
taken	VBN	4
cling	VBG	2
clinging	VBG	2
glass	NN	2
bottom	NN	2
gravel	NN	2
school	NN	6
encourage	VBN	1
encouraged	VBN	1
teacher	NN	3
write	VBD	2
wrote	VBD	2
excitedly	RB	1
mysterious	JJ	1
sticky	NN	1
mistake	VB	1
pet	NN	1
class	NN	2
tease	VBD	1
teased	VBD	1
pond	JJ	2
weed	NN	3
bob	VBG	2
bobbing	VBG	2
bubble	NNS	1
bubbles	NNS	1
look	VBZ	1
looks	VBZ	1
fun	NN	1
imagine	VB	2
like	JJ	1
hang	VB	1
answer	NN	1
probably	RB	1
tiring	JJ	1
grow	VBN	3
grown	VBN	3
bit	NN	2
breakfast	NN	2
well	RB	4
gobble	VBN	1
gobbled	VBN	1
respond	VBD	2
responded	VBD	2
prepare	VBG	1
preparing	VBG	1
whine	VBD	1
whined	VBD	1
want	VB	2
cute	JJ	2
anymore	RB	1
art	NN	1
piece	NNS	1
pieces	NNS	1
paper	NN	2
expensive	JJ	2
draw	VB	1
elephant	NN	2
mind	VB	1
use	VBG	1
using	VBG	1
drawing	NN	2
encouraging	JJ	1
remark	VBD	1
remarked	VBD	1
creative	JJ	1
beam	VBN	2
beamed	VBN	1
give	VBG	2
giving	VBG	2
seal	NN	1
approval	NN	1
convince	VBN	1
convinced	VBN	1
clean	VB	1
clean	VBG	1
cleaning	VBG	1
vacuum	NN	1
hoover	NN	1
side	NN	2
add	VBD	2
added	VBD	2
worry	VB	1
extra	RB	2
side	NNS	1
sides	NNS	1
sign	NN	1
discover	VBN	1
discovered	VBN	1
couple	NN	2
day	NNS	1
days	NNS	1
ago	IN	2
sad	JJ	1
hour	NNS	1
hours	NNS	1
clear	VBZ	1
clears	VBZ	1
careful	JJ	2
bedroom	NN	2
check	VB	1
settle	VBN	1
settled	VBN	1
look	VBN	1
looked	VBN	1
kneel	VBD	1
kneeled	VBD	1
clear	VBN	1
cleared	VBN	1
thoroughly	RB	1
nerve	NNS	3
nerves	NNS	3
descend	VBD	1
descended	VBD	1
stair	NNS	1
stairs	NNS	1
study	NN	1
book	NNS	2
books	NNS	2
paper	NNS	1
papers	NNS	1
work	VBG	1
working	VBG	1
impatient	JJ	1
worried	JJ	2
bad	JJ	2
news	NN	1
translated_aposll	MD	2
add	VB	1
fuel	NN	1
flame	NNS	2
flames	NNS	2
raise	VBD	1
raised	VBD	1
tone	NN	1
dismissively	RB	1
translated_aposve	VBP	4
get	VBN	3
got	VBN	3
mass	NNS	1
masses	NNS	1
work	NN	2
catch	VB	1
quick	JJ	1
temper	NN	1
angry	JJ	1
hell	NN	1
hoover	VBN	1
hoovered	VBN	1
accusingly	RB	1
deny	VBD	1
denied	VBD	1
version	NN	1
hard	JJ	3
wrong	JJ	1
make	VBZ	1
makes	VBZ	1
notice	NN	1
feel	VBG	1
feeling	VBG	1
overlook	VBN	1
overlooked	VBN	1
storm	VBG	1
storming	VBG	1
appear	VBD	1
appeared	VBD	1
insensitive	JJ	1
earlier	RBR	1
back	JJ	1
burner	NN	1
occupy	VBD	1
occupied	VBD	1
breathe	VBG	1
breathing	VBG	1
account	NN	3
ignore	VB	1
strain	VBN	1
strained	VBN	1
remain	VB	1
upset	JJ	1
glass	NNS	1
glasses	NNS	1
search	VB	1
effectively	RB	1
powerful	JJ	1
important	JJ	3
occasion	NNS	1
occasions	NNS	1
try	VBG	2
trying	VBG	2
butter	VB	1
smile	VB	1
succeed	VB	1
magnifying	JJ	1
remember	VBD	1
remembered	VBD	1
rush	VBD	1
rushed	VBD	1
beside	IN	1
shuffle	VBG	1
shuffling	VBG	1
peer	VBG	1
peering	VBG	1
pebble	NNS	1
pebbles	NNS	1
point	NN	3
speck	NN	1
deceptively	RB	1
live	JJ	1
animal	NN	1
call	VB	1
quits	NN	1
ah	UH-ADV	1
ha	UH	1
tucked	RB	1
curve	NN	1
archway	NN	1
perfectly	RB	1
stone	NN	1
sound	JJ	2
count	VB	1
relief	NN	1
addition	NN	1
family	NN	3
suspect	VB	1
guilty	JJ	2
think	VBP	1
both	CC	2
cozy	RB	1
squeeze	NN	1
budge	VB	1
push	NN	1
ca	MD	1
edge	NN	1
heaven	NN	1
heavens	NN	1
happen	VB	1
translated_aposve	VB	1
chest	NN	1
text	NN	6
message	NN	5
lucy	NNP	31
joseph	NNP	1
josephs	NNP	1
failure	NN	1
ugly	JJ	1
style	NN	1
hat	VBD	1
hated	VBD	1
least	JJS	3
lot	NN	1
more	JJR	4
struggle	VBG	1
struggling	VBG	1
understand	VB	1
actual	JJ	2
note	NN	2
well	RBR	2
better	RBR	2
show	VBP	1
party	NN	1
tonight	NN	1
start	VBN	2
started	VBN	2
receive	VBG	1
receiving	VBG	1
message	NNS	8
messages	NNS	8
tap	VBD	1
tapped	VBD	1
mobile	NN	1
screen	NN	1
view	NN	1
tap	VB	2
erase	VB	1
trace	NN	1
leave	VBN	2
left	VBN	2
*rnr*-3	-NONE-	3
drive	VBG	1
driving	VBG	1
car	NN	3
confirm	VBD	2
confirmed	VBD	2
suspicion	NN	1
founded	VBN	1
answer	VBD	1
answered	VBD	1
dejectedly	RB	1
report	VBD	1
reported	VBD	1
yet	RB	1
jill	NN	1
sister	NN	3
passenger	NN	1
seat	NN	1
lie	VBG	1
lying	VBG	1
teeth	NNS	1
get	VBP	1
sender	NN	1
jealous	JJ	1
argument	NNS	1
arguments	NNS	1
effort	NN	2
comfort	VB	1
daughter	NN	1
phone	NN	5
month	NNS	3
months	NNS	3
admit	VBD	1
admitted	VBD	1
regret	NN	1
bug	VBG	1
bugging	VBG	1
loud	JJ	1
sigh	VBD	1
sighed	VBD	1
lucy	NN	1
love	VBP	1
know	VBG	1
knowing	VBG	1
afford	VBG	1
affording	VBG	1
send	VBG	1
sending	VBG	1
text	NNS	1
texts	NNS	1
all	NP	1
abusive	JJ	1
hurtful	JJ	1
person	NN	4
message	VBG	1
messaging	VBG	1
achieve	VB	1
hateful	JJ	1
shadow	NN	1
november	NNP	1
shiver	NN	1
run	VB	2
spine	NN	1
hasten	VBN	1
hastened	VBN	1
jill	NNP	8
concert	NN	2
hesitantly	RB	1
step	VBD	1
stepped	VBD	1
final	JJ	1
become	VBN	1
involve	VBN	1
involved	VBN	1
help	VBG	1
helping	VBG	1
organize	VB	1
talent	NN	2
show	NN	4
position	NN	1
seriously	RB	1
hurry	VBN	1
hurried	VBN	1
pull	VBG	1
pulling	VBG	1
worn	JJ	1
oversized	JJ	1
coat	NN	1
originally	RB	1
belong	VBD	3
belonged	VBD	3
dry	JJ	1
*1	-NONE-	1
fill	VBD	1
filled	VBD	1
excitement	NN	2
regret	VBD	1
regretted	VBD	1
promise	VBN	1
promised	VBN	1
participate	VB	1
waste	VB	1
shame	NN	1
such	PDT	2
argue	VBN	1
argued	VBN	1
announce	VBN	2
announced	VBN	2
consider	VBG	1
considering	VBG	1
love	NN	2
sing	VB	2
very	JJ	1
do	VBZ	1
does	VBZ	1
feel	VB	2
tall	JJ	1
lanky	JJ	1
giraffe	NN	1
surprise	NN	1
popular	JJ	4
proud	JJ	1
self-confidence	NN	1
deflate	VBD	1
deflated	VBD	1
do	VBG	1
doing	VBG	1
agree	VB	1
choice	NN	1
stage	NN	2
beckon	VBG	1
beckoning	VBG	1
encouragingly	RB	1
performer	NN	1
audience	NN	5
microphone	NN	1
applaud	VB	1
sense	NN	2
anticipation	NN	1
emanate	VB	1
curtain	NN	1
curtain	NNS	1
curtains	NNS	1
part	VB	1
cast	VBD	1
assure	VBD	1
assured	VBD	1
positive	JJ	1
thumb	NNS	1
thumbs	NNS	1
up	JJ	1
through	RP	1
unlike	IN	1
judging	JJ	1
crowd	NN	2
note	NNS	1
notes	NNS	1
music	NN	2
sudden	JJ	2
calm	NN	1
settle	VBD	1
settled	VBD	1
everything	NN	1
threaten	VBD	1
threatened	VBD	1
feel	VBP	2
pain	NN	1
cause	VBG	1
causing	VBG	1
flow	VBD	1
flowed	VBD	1
word	NNS	4
words	NNS	4
feeling	NN	1
latch	VBD	1
latched	VBD	1
song	NN	2
slip	VBG	1
slipping	VBG	1
die	VBD	1
died	VBD	1
fill	VBN	1
filled	VBN	1
cheer	NNS	1
cheers	NNS	1
applause	NN	1
allow	VBD	1
allowed	VBD	1
enjoy	VB	1
achievement	NN	1
belong	VBG	1
belonging	VBG	1
felt	VBN	1
cheer	VBG	1
cheering	VBG	1
loud	JJS	1
loudest	JJS	1
beaming	VBN	1
pride	NN	1
owe	VBD	1
owed	VBD	1
remind	VBG	1
reminding	VBG	1
capable	JJ	1
bleep	VBD	1
bleeped	VBD	1
oblivion	NN	1
roswell	NNP	13
ufo	NNP	8
incident	NNP	1
alleged	JJ	2
recovery	NN	2
extra-terrestrial	JJ	1
debris	NN	7
alien	JJ	4
corps	NNS	1
corpses	NNS	1
object	NN	3
crash	VBD	3
crashed	VBD	3
mexico	NNP	1
july	NNP	3
eighth	CD	1
nineteen	CD	20
forty-seven	CD	5
seventy	NNS	1
seventies	NNS	1
incident	NN	6
subject	NN	2
intense	JJ	2
controversy	NN	1
conspiracy	NN	1
theory	NNS	1
theories	NNS	1
nature	NN	1
united	NNP	3
state	NNPS	1
states	NNPS	1
military	NN	2
maintain	VBZ	1
maintains	VBZ	1
recover	VBN	8
recovered	VBN	8
experimental	JJ	1
high-altitude	JJ	1
surveillance	NN	1
balloon	NN	3
classified	JJ	1
program	NN	2
mogul	NNP	3
proponent	NNS	2
proponents	NNS	2
maintain	VBP	1
crashed	JJ	2
craft	NN	2
body	NNS	2
bodies	NNS	2
engage	VBD	1
engaged	VBD	1
cover-up	NN	2
turn	VBN	1
turned	VBN	1
widely	RB	2
pop	NN	1
culture	NN	1
phenomenon	NN	2
roswell	NN	2
synonymous	JJ	1
ufo	NNS	1
ufos	NNS	1
rank	VBZ	1
ranks	VBZ	1
publicized	JJ	1
controversial	JJ	1
ufo	NN	1
incident	NNS	1
incidents	NNS	1
ninth	NNP	1
press	NN	2
release	NN	1
army	NNP	2
air	NNP	4
field	NNP	2
issue	VBN	1
issued	VBN	1
state	VBD	2
stated	VBD	2
personnel	NNS	3
bomb	NNP	1
group	NNP	1
crash	VBG	1
crashed	VBG	1
disc	NN	1
ranch	NN	1
spark	VBG	1
sparking	VBG	1
medium	NNS	1
media	NNS	1
interest	NN	1
commanding	NNP	1
general	NNP	5
eighth	NNP	1
force	NNP	2
weather	NN	2
rather	RB	3
saucer	NN	2
subsequent	JJ	1
conference	NN	1
feature	VBG	2
featuring	VBG	2
description	NN	1
forget	VBN	1
forgotten	VBN	1
ignore	VBN	1
ignored	VBN	1
researcher	NNS	4
researchers	NNS	4
thirty	CD	2
seventy-eight	CD	1
nuclear	JJ	1
physicist	NN	1
author	NN	1
stanton	NNP	1
friedman	NNP	1
interview	VBD	2
interviewed	VBD	2
jesse	NNP	1
marcel	NNP	1
only	JJ	1
accompany	VBN	1
accompanied	VBN	1
fort	NNP	1
worth	NNP	1
account	NNS	8
accounts	NNS	8
elevate	VBD	1
elevated	VBD	1
forgotten	JJ	1
perhaps	RB	2
early	JJ	5
ninety	NNS	4
nineties	NNS	4
interview	VBN	1
interviewed	VBN	1
hundred	CD	3
claim	VBN	1
claimed	VBN	1
have	VBN	2
had	VBN	2
connection	NN	1
event	NNS	3
events	NNS	3
additionally	RB	1
document	NNS	1
documents	NNS	1
obtain	VBN	2
obtained	VBN	2
freedom	NNP	1
information	NNP	1
act	NNP	1
request	NNS	1
requests	NNS	1
insider	NNS	1
insiders	NNS	1
apparently	RB	1
leak	VBD	1
leaked	VBD	1
conclusion	NNS	1
conclusions	NNS	1
crash	VBN	1
crashed	VBN	1
vicinity	NN	2
alien	NNS	6
aliens	NNS	6
possibly	RB	1
alive	JJ	1
massive	JJ	1
knowledge	NN	1
numerous	JJ	1
article	NNS	1
articles	NNS	1
television	NN	1
special	NNS	1
specials	NNS	1
made-for-tv	JJ	1
movie	NN	1
bring	VBD	1
brought	VBD	1
notoriety	NN	1
mid	JJ	3
strong	JJ	3
majority	NNS	1
majorities	NNS	1
poll	NNS	1
polls	NNS	1
such	JJ	7
ninety-seven	CD	2
cnn	NNP	1
time	NNP	1
poll	NN	1
visit	VBN	1
visited	VBN	1
specifically	RB	1
land	VBN	1
landed	VBN	1
government	NN	3
cover	VBG	1
covering	VBG	1
eighty	NNS	1
eighties	NNS	1
narrative	NN	2
emerge	VBD	2
emerged	VBD	2
odds	NNS	1
report	VBN	3
reported	VBN	3
forty-seven	NN	2
evolve	VBD	1
evolved	VBD	1
publish	VBN	1
published	VBN	1
eighty	NN	1
witness	NNS	8
witnesses	NNS	8
draw	VBN	1
drawn	VBN	1
publicity	NN	1
various	JJ	2
seemingly	RB	1
impressive	JJ	1
figure	NN	1
comparable	JJ	1
claim	VBD	2
claimed	VBD	2
so-called	JJ	1
repeat	VBG	2
repeating	VBG	2
claim	NNS	2
claims	NNS	2
testimony	NN	1
inadmissible	JJ	1
hearsay	NN	1
american	JJ	1
court	NN	2
critic	NNS	2
critics	NNS	2
identify	VBD	1
identified	VBD	1
variety	NN	1
problem	NNS	7
problems	NNS	7
range	VBD	1
ranged	VBD	1
reliability	NN	2
second-hand	JJ	1
serious	JJ	1
credibility	NN	1
demonstrably	RB	1
false	JJ	1
internally-inconsistent	JJ	1
dubious	JJ	2
death-bed	JJ	1
confession	NNS	1
confessions	NNS	1
elderly	JJ	1
easily	RB	1
confuse	VBN	2
confused	VBN	2
basic	JJ	1
witness	NN	1
accord	VBG	2
according	VBG	2
minimum	NN	1
thirty-one	CD	1
case	NNS	1
cases	NNS	1
recount	VBN	1
recounted	VBN	1
forty	CD	1
memory	NNS	3
memories	NNS	3
subject	VBN	1
contamination	NN	1
may	MD	16
expose	VBN	1
exposed	VBN	1
skeptic	NNS	1
skeptics	NNS	1
objection	NNS	1
objections	NNS	1
plausibility	NN	1
counter-argument	NN	1
presence	NN	1
publicize	VBN	1
publicized	VBN	1
accounting	NNP	1
office	NNP	2
launch	VBD	1
launched	VBD	1
inquiry	NN	1
direct	VBD	1
directed	VBD	1
secretary	NNP	1
conduct	VB	1
internal	JJ	1
investigation	NN	1
result	NN	4
summarize	VBN	1
summarized	VBN	1
report	NNS	2
reports	NNS	2
release	VBN	2
released	VBN	2
ninety-five	CD	1
conclude	VBD	2
concluded	VBD	2
material	NN	1
likely	RB	2
secret	JJ	1
project	NNP	2
involve	VBD	1
involved	VBD	1
altitude	NN	1
balloon	NNS	1
balloons	NNS	1
mean	VBN	1
meant	VBN	1
detect	VB	1
generate	VBN	1
generated	VBN	1
soviet	JJ	1
atomic	JJ	1
bomb	NN	1
test	NNS	3
tests	NNS	3
ballistic	JJ	1
missile	NNS	1
missiles	NNS	1
report	NN	1
ninety-seven	NN	1
combination	NN	1
innocently	RB	2
transform	VBN	2
transformed	VBN	2
military	JJ	2
accident	NNS	1
accidents	NNS	1
injure	VBN	1
injured	VBN	1
kill	VBN	1
killed	VBN	1
anthropomorphic	JJ	1
dummy	NNS	1
dummies	NNS	1
program	NNS	1
programs	NNS	1
u	NNP	1
us	NNP	1
conduct	VBD	1
conducted	VBD	1
fifty	NNS	1
fifties	NNS	1
hoax	NNS	1
hoaxes	NNS	1
perpetrate	VBD	1
perpetrated	VBD	1
psychological	JJ	1
effect	NNS	3
effects	NNS	3
compression	NN	1
occur	VBD	2
occurred	VBD	2
explain	VBD	1
explained	VBD	1
discrepancy	NN	1
january	NNP	1
karl	NNP	1
pflock	NNP	1
prominent	JJ	2
pro-ufo	JJ	1
base	VBN	1
based	VBN	1
research	NN	3
certain	JJ	3
possible	JJ	2
absolute	JJ	1
saucer	NNS	1
saucers	NNS	1
general	JJ	1
plain	NNPS	1
plains	NNPS	1
san	NNP	1
agustin	NNP	1
remains	NNS	1
earthly	JJ	1
top	NNP	1
secret	NNP	1
although	IN	4
agree	VBP	1
conclusion	NN	1
fourth	JJ	1
weekend	NN	1
host	VBZ	1
hosts	VBZ	1
festival	NNP	1
celebrate	VBG	1
celebrating	VBG	1
ufologists	NNS	1
discussion	NNS	1
discussions	NNS	1
tulip	NNP	1
mania	NN	8
period	NN	2
dutch	NNP	1
golden	NNP	2
age	NNP	2
contract	NN	3
price	NNS	12
prices	NNS	12
bulb	NNS	14
bulbs	NNS	14
recently	RB	1
introduce	VBN	2
introduced	VBN	2
tulip	NN	13
extraordinarily	RB	1
level	NNS	1
levels	NNS	1
collapse	VBD	2
collapsed	VBD	2
peak	NN	1
february	NNP	2
sixteen	NN	5
thirty-seven	NN	2
contract	NNS	5
contracts	NNS	5
sell	VBD	1
sold	VBD	1
annual	JJ	1
income	NN	1
skilled	JJ	1
craftsman	NN	1
consider	VBN	2
considered	VBN	2
recorded	JJ	1
economic	JJ	3
bubble	NN	5
europe	NNP	1
sixteenth	NN	1
century	NN	1
ottoman	NNP	1
empire	NNP	1
province	NNP	1
provinces	NNP	1
netherlands	NNPS	2
tulip	JJ	2
cultivation	NN	1
province	NNPS	1
provinces	NNPS	1
think	VBN	1
thought	VBN	1
earnest	NN	1
fifteen	NN	1
ninety-three	NN	1
flemish	JJ	1
botanist	NN	1
charles	NNP	2
de	NNP	1
ltranslated_aposecluse	NN	1
post	NN	1
university	NNP	1
leiden	NNP	1
establish	VBN	1
established	VBN	1
botanical	JJ	1
garden	NN	1
old	JJS	1
oldest	JJS	1
plant	VBD	1
planted	VBD	1
collection	NN	1
emperor	NN	1
ambassador	NN	1
send	VBD	1
sent	VBD	1
turkey	NNP	1
tolerate	VB	1
harsh	JJR	1
harsher	JJR	1
condition	NNS	3
conditions	NNS	3
northern	JJ	1
climate	NN	1
shortly	RB	2
tulip	NNS	7
tulips	NNS	7
popularity	NN	2
flower	NN	3
rapidly	RB	1
coveted	JJ	1
luxury	NN	1
item	NN	1
status	NN	1
profusion	NN	1
variety	NNS	6
varieties	NNS	6
follow	VBD	1
followed	VBD	1
classify	VBN	2
classified	VBN	2
group	NNS	3
groups	NNS	3
one-colored	JJ	1
yellow	JJ	2
couleren	NNP	1
multicolored	JJ	1
rosen	NNP	1
-lrb-	-LRB-	3
pink	JJ	1
background	NN	3
-rrb-	-RRB-	3
violetten	NNP	1
purple	JJ	2
lilac	JJ	1
less	JJR	2
lesser	JJR	1
extent	NN	1
bizarden	NNP	1
brown	JJ	1
spectacular	JJ	1
highly	RB	1
sought-after	JJ	1
flower	NNS	3
flowers	NNS	3
vivid	JJ	1
color	NNS	1
colors	NNS	1
line	NNS	1
lines	NNS	1
petal	NNS	1
petals	NNS	1
understand	VBN	1
understood	VBN	1
infect	VBN	1
infected	VBN	1
tulip-specific	JJ	1
virus	NN	5
breaking	JJ	1
dutch	JJ	2
grower	NNS	3
growers	NNS	3
name	VBD	1
named	VBD	1
exalted	JJ	1
title	NNS	1
titles	NNS	1
form	NNS	2
forms	NNS	2
prefix	VBN	1
prefixed	VBN	1
admiral	NN	3
combine	VBN	2
combined	VBN	2
name	NNS	3
names	NNS	3
prefix	NN	1
superb	JJ	1
admirals	NN	1
generals	NNP	1
die	VBN	1
died	VBN	1
similar	JJ	2
broken	JJ	1
continue	VBP	2
trade	NN	2
grow	VBP	1
propagate	VBN	1
propagated	VBN	1
seed	NNS	3
seeds	NNS	3
bud	NNS	5
buds	NNS	5
form	VB	1
flowering	JJ	1
bulb	NN	5
seven-twelve	JJ	1
grow	VBZ	1
grows	VBZ	1
original	JJ	1
clone	NN	1
form	VBZ	1
forms	VBZ	1
properly	RB	1
cultivated	JJ	1
become	VB	1
breaking	NN	1
botanist	NNS	1
botanists	NNS	1
study	VBN	1
studied	VBN	1
spread	VBZ	1
spreads	VBZ	1
cultivate	VBG	1
cultivating	VBG	1
appealing	JJ	1
take	VBZ	1
takes	VBZ	1
propagation	NN	1
greatly	RB	1
slow	VBN	1
slowed	VBN	1
bloom	VBP	1
april	NNP	1
may	NNP	1
week	NN	1
secondary	JJ	1
appear	VBP	1
uprooted	JJ	1
june	NNP	1
september	NNP	1
thus	RB	3
purchase	NNS	1
purchases	NNS	1
professional	JJ	1
pay	VBD	1
paid	VBD	1
thirty-four	NN	1
demand	NN	2
french	NNP	1
speculator	NNS	2
speculators	NNS	2
enter	VB	1
market	NN	2
thirty-six	NN	1
dutch	NNPS	1
type	NN	2
formal	JJ	2
future	NNS	1
futures	NNS	1
market	NNS	1
markets	NNS	1
merchant	NNS	1
merchants	NNS	1
sell	VB	1
season	NN	1
trader	NNS	2
traders	NNS	2
meet	VBD	1
met	VBD	1
tavern	NNS	1
taverns	NNS	1
buyer	NNS	3
buyers	NNS	3
require	VBN	1
required	VBN	1
pay	VB	3
fee	NN	2
per	IN	1
purchase	VBG	1
purchasing	VBG	1
intend	VBG	1
intending	VBG	1
re-sell	VB	1
profit	NN	1
scheme	NN	1
last	VB	1
unless	IN	1
ultimately	RB	1
willing	JJ	1
possession	NN	2
will	VBG	1
willing	VBG	1
increasingly	RB	1
inflated	JJ	1
realization	NN	1
set	VBD	1
in	RP	1
plummet	VBD	1
plummeted	VBD	1
speculative	JJ	2
burst	VB	1
hold	VBG	1
holding	VBG	1
purchase	VB	2
great	JJR	1
greater	JJR	1
worth	IN	1
fraction	NN	1
price	NN	2
pay	VBN	1
paid	VBN	1
event	NN	1
popularize	VBN	1
popularized	VBN	1
eighteen	CD	1
forty-one	CD	1
extraordinary	JJ	2
delusion	NNS	1
delusions	NNS	1
madness	NNP	1
crowd	NNP	1
crowds	NNP	1
british	JJ	1
journalist	NN	1
mackay	NNP	6
crowd	NNS	1
crowds	NNS	1
behave	VBP	1
irrationally	RB	1
thesis	NN	1
primary	JJ	1
example	NNS	1
examples	NNS	1
twelve	CD	1
acre	NNS	1
acres	NNS	1
offer	VBN	1
offered	VBN	1
semper	FW	1
augustus	FW	1
claim	VBZ	1
claims	VBZ	1
investor	NNS	1
investors	NNS	1
ruin	VBN	1
ruined	VBN	1
fall	NN	2
desperate	JJ	1
commerce	NN	1
suffer	VBD	1
suffered	VBD	1
severe	JJ	2
shock	NN	1
panicked	JJ	1
seek	VBD	1
sought	VBD	1
declare	VBG	1
declaring	VBG	1
buy	VBN	1
bought	VBN	1
future	NN	1
void	VB	1
payment	NN	2
percent	NN	2
attempt	NNS	1
attempts	NNS	1
resolve	VB	1
satisfaction	NN	1
party	NNS	1
parties	NNS	1
unsuccessful	JJ	1
end	VBD	1
ended	VBD	1
say	VBZ	1
says	VBZ	1
individual	NNS	1
individuals	NNS	1
stick	VBN	1
stuck	VBN	1
crash	NN	1
enforce	VB	1
judge	NNS	1
judges	NNS	1
regard	VBD	1
regarded	VBD	1
debt	NNS	1
debts	NNS	1
contract	VBD	1
contracted	VBD	1
gambling	NN	1
enforceable	JJ	1
law	NN	1
classic	JJ	1
publishing	NN	1
house	NNS	1
houses	NNS	1
reprint	VBG	1
reprinting	VBG	1
contest	VBN	1
contested	VBN	1
modern	JJ	2
scholar	NNS	1
scholars	NNS	1
believe	VBP	1
describe	VBD	2
described	VBD	2
argue	VBG	1
arguing	VBG	1
change	NNS	1
changes	NNS	1
constitute	VBN	1
constituted	VBN	1
research	NNP	1
difficult	JJ	1
because	RB	1
limit	VBN	1
limited	VBN	1
data	NNS	1
thirty	NNS	1
thirties	NNS	1
economist	NNS	1
economists	NNS	1
propose	VBN	1
proposed	VBN	1
rational	JJ	1
explanation	NNS	1
explanations	NNS	1
rise	NN	1
example	NN	3
hyacinth	NN	1
introduction	NN	1
dramatically	RB	1
drive	VBN	1
driven	VBN	1
expectation	NNS	1
expectations	NNS	1
parliamentary	JJ	1
decree	NN	1
void	VBN	1
voided	VBN	1
cost	NN	1
lower	VBG	1
lowering	VBG	1
risk	NN	1
despite	IN	1
disagreement	NNS	1
disagreements	NNS	1
whether	IN	1
technically	RB	1
constitute	VBD	1
constituted	VBD	1
term	NN	1
metaphorically	RB	1
refer	VB	1
asset	NN	1
deviate	VB	1
intrinsic	JJ	1
value	NNS	1
values	NNS	1
tourette	NNP	24
syndrome	NN	2
neurological	JJ	2
disorder	NN	4
characterize	VBN	2
characterized	VBN	2
repetitive	JJ	3
involuntary	JJ	2
movement	NNS	3
movements	NNS	3
dr.	NNP	1
george	NNP	1
georges	NNP	1
gilles	NNP	1
la	FW	1
pioneering	JJ	1
french	JJ	2
neurologist	NN	1
eighty-six-year-old	JJ	1
noblewoman	NN	1
childhood	NN	2
symptom	NNS	10
symptoms	NNS	10
notice	VBN	1
noticed	VBN	1
average	JJ	1
onset	NN	2
between	IN	2
age	NNS	1
ages	NNS	1
seven	CD	1
estimate	VBN	1
estimated	VBN	1
american	NNS	1
americans	NNS	1
form	NN	1
exhibit	VBP	1
mild	JJ	2
milder	JJ	1
less	RBR	1
complex	JJ	6
include	VBP	6
chronic	JJ	2
motor	JJ	6
vocal	JJ	4
tic	NN	13
tics	NN	11
transient	JJ	1
majority	NN	1
diagnose	VBN	1
diagnosed	VBN	1
last	VBG	1
lasting	VBG	1
lifetime	NN	1
whose	WP$	1
severity	NNS	1
peak	VBZ	1
peaks	VBZ	1
teen	NNS	2
teens	NNS	2
improvement	NN	1
occur	VBG	1
occurring	VBG	1
continue	VBG	1
continuing	VBG	1
adulthood	NN	3
approximately	RB	1
affect	VBN	3
affected	VBN	3
progressive	JJ	1
disable	VBG	1
disabling	VBG	1
course	NN	1
last	VBZ	1
lasts	VBZ	1
uncommon	JJ	1
extend	VBN	1
extended	VBN	1
diagnosis	NN	5
reason	NNS	1
reasons	NNS	1
include	VB	4
family	NNS	1
families	NNS	1
physician	NNS	1
physicians	NNS	1
unfamiliar	JJ	1
moderate	JJ	1
inconsequential	JJ	1
developmental	JJ	1
phase	NN	1
blinking	NNS	1
related	JJ	4
vision	NN	1
sniffing	NNP	1
seasonal	JJ	1
allergy	NNS	1
allergies	NNS	1
patient	NNS	3
patients	NNS	3
self-diagnosed	JJ	1
relative	NNS	1
relatives	NNS	1
read	VB	1
tic	NNS	11
tics	NNS	11
either	CC	1
simple	NN	1
complex	NN	1
brief	JJ	1
involve	VBP	2
limited	JJ	1
muscle	NN	2
common	JJ	2
blinking	NN	1
facial	JJ	2
grimacing	NN	2
shoulder	NN	3
shrugging	NN	1
jerking	NN	1
vocalization	NNS	1
vocalizations	NNS	1
motor	NN	1
typically	RB	1
precede	VB	1
throat-clearing	JJ	1
sniffing	JJ	1
grunting	JJ	1
sound	NNS	2
sounds	NNS	2
distinct	JJ	1
coordinate	VBN	1
coordinated	VBN	1
pattern	NNS	1
patterns	NNS	1
movement	NN	1
twist	NN	1
shrug	NN	1
appear	VB	2
purposeful	NN	1
sniff	VBG	1
sniffing	VBG	1
touch	VBG	1
touching	VBG	1
object	NNS	1
objects	NNS	1
jump	VBG	1
jumping	VBG	1
bend	VBG	1
bending	VBG	1
twist	VBG	1
twisting	VBG	1
phrase	NNS	2
phrases	NNS	2
dramatic	JJ	1
disabling	JJ	1
result	VBP	1
self-harm	NN	1
punch	VBG	1
punching	VBG	1
oneself	PRP	1
coprolalia	NN	1
involve	VBZ	2
involves	VBZ	2
utter	VBG	1
uttering	VBG	1
swear	JJ	1
echolalia	NN	1
anxiety	NN	2
calm	JJ	1
focus	VBN	1
focused	VBN	1
activity	NNS	1
activities	NNS	1
physical	JJ	1
experience	NNS	1
experiences	NNS	1
trigger	VB	3
worsen	VB	1
tight	JJ	1
collar	NNS	1
collars	NNS	1
neck	NN	2
hear	VBG	1
hearing	VBG	1
sniff	VB	1
throat-clear	VB	1
production	NN	1
come	VBP	1
go	VBP	1
vary	VBG	1
varying	VBG	1
frequency	NN	1
location	NN	1
tourette	NN	1
experience	VB	1
occur	VBP	1
area	NN	1
progress	VB	1
muscle	NNS	1
muscles	NNS	1
trunk	NN	1
extremity	NNS	1
extremities	NNS	1
sometimes	RB	1
suppress	VB	1
camouflage	VB	1
otherwise	RB	1
manage	VB	1
minimize	VB	1
impact	NN	1
function	VBG	1
functioning	VBG	1
report	VBP	1
substantial	JJ	2
buildup	NN	1
tension	NN	1
suppress	VBG	1
suppressing	VBG	1
express	VBN	1
expressed	VBN	1
environmental	JJ	2
trigger	NN	1
voluntary	JJ	1
purposeful	JJ	1
experience	VBP	1
additional	JJ	1
neurobehavioral	JJ	2
inattention	NN	1
hyperactivity	NN	1
impulsivity	NN	1
depression	NN	1
disorder	NNS	2
disorders	NNS	2
difficulty	NNS	1
difficulties	NNS	1
directly	RB	1
cause	VB	1
doctor	NNS	2
doctors	NNS	2
verify	VBG	1
verifying	VBG	1
patient	NN	1
existence	NN	1
psychiatric	JJ	1
help	VB	1
establish	VB	1
correct	JJ	1
knowledgeable	JJ	1
clinician	NNS	1
clinicians	NNS	1
consult	VBN	1
consulted	VBN	1
misdiagnose	VB	1
atypical	JJ	2
presentation	NN	1
require	VB	1
specialty	NN	1
expertise	NN	1
blood	NN	1
laboratory	NN	1
need	VBN	1
needed	VBN	1
neuroimaging	JJ	1
study	NNS	5
studies	NNS	5
magnetic	JJ	1
resonance	NN	1
imaging	NN	1
computerized	JJ	1
tomography	NN	1
electroencephalogram	NNS	1
electroencephalograms	NNS	1
lab	NN	1
rule	VB	1
term	NNS	1
terms	NNS	1
role	NN	3
gene	NNS	3
genes	NNS	3
evidence	NN	2
twin	NN	1
suggest	VBZ	1
suggests	VBZ	1
inherit	VBN	1
inherited	VBN	1
autosomal	JJ	1
dominant	JJ	1
mode	NN	1
inheritance	NN	2
recent	JJ	1
pattern	NN	1
much	RB	1
small	JJR	1
smaller	JJR	1
factor	NNS	1
factors	NNS	1
development	NN	1
genetic	JJ	4
suggest	VBP	1
attention	NNP	1
deficit	NNP	1
hyperactivity	NNP	1
disorder	NNP	2
obsessive	NNP	1
compulsive	NNP	1
genetically	RB	1
relationship	NN	2
commonly	RB	1
co-occur	VPZ	1
co-occurs	VPZ	1
gene	NN	2
play	VBN	1
played	VBN	1
sex	NN	1
particular	JJ	1
male	NNS	1
males	NNS	1
likely	JJ	2
female	NNS	1
females	NNS	1
predisposition	NN	1
obsessive-compulsive	JJ	1
current	JJ	1
aim	VBN	1
aimed	VBN	1
understand	VBG	1
understanding	VBG	1
basis	NN	1
symptomology	NN	1
hope	NN	1
lead	VBZ	1
leads	VBZ	1
diagnostic	JJ	1
tool	NNS	1
tools	NNS	1
treatment	NNS	1
treatments	NNS	1
noword	NOPOS	485
